,C,D,K,dataflow,compulsory_miss,l1_misses,l2_misses,l1_miss_ratio,l2_miss_ratio
0,64,256,3136,WS,14372,100352,0,0.013888888888888888,0.0
1,24,24,3136,WS,4924,0,0,0.0,0.0
2,2048,320,64,WS,10284,2873344,0,0.4982244318181818,0.0
3,144,24,3136,WS,28564,0,0,0.0,0.0
4,4608,4608,144,WS,88893,197650944,0,0.4997786167039523,0.0
5,1152,32,676,WS,50774,3064320,0,0.4918639053254438,0.0
6,768,128,196,WS,10817,1494528,0,0.49642857142857144,0.0
7,864,864,1089,WS,63276,52628832,0,0.4994178800996983,0.0
8,64,64,3136,WS,13196,25088,0,0.010416666666666666,0.0
9,512,128,49,WS,2580,248320,0,0.49489795918367346,0.0
10,1280,384,64,WS,6452,2123520,0,0.49849759615384615,0.0
11,256,128,676,WS,11479,909056,0,0.26264792899408285,0.0
12,256,512,3136,WS,54020,14450176,0,0.2646965036014406,0.0
13,992,128,49,WS,4980,481120,0,0.49489795918367346,0.0
14,288,48,1225,WS,22618,1388736,0,0.49204081632653063,0.0
15,256,64,676,WS,11393,540928,0,0.2604783037475345,0.0
16,608,128,49,WS,3060,294880,0,0.49489795918367346,0.0
17,768,192,289,WS,15493,3091968,0,0.49752842313395945,0.0
18,512,144,144,WS,5165,732160,0,0.4965277777777778,0.0
19,800,128,196,WS,11265,1556800,0,0.49642857142857144,0.0
20,864,128,576,WS,32148,4944672,0,0.49678819444444444,0.0
21,384,128,784,WS,19445,2991360,0,0.4968112244897959,0.0
22,448,128,784,WS,22645,3489920,0,0.4968112244897959,0.0
23,64,64,2916,WS,12325,23424,0,0.010459533607681756,0.0
24,32,16,12544,WS,25904,0,0,0.0,0.0
25,720,720,5041,WS,236544,173988000,0,0.49934288831581036,0.0
26,864,128,196,WS,12161,1681344,0,0.49642857142857144,0.0
27,144,32,784,WS,7298,7056,0,0.0078125,0.0
28,32,32,784,WS,1698,1568,0,0.0078125,0.0
29,768,128,289,WS,15455,2204160,0,0.49653979238754326,0.0
30,800,128,64,WS,4020,508000,0,0.49609375,0.0
31,160,960,49,WS,1084,19200,0,0.019749835418038184,0.0
32,576,576,2704,WS,101707,59086656,0,0.49916789940828404,0.0
33,96,576,196,WS,1687,22464,0,0.01570891514500537,0.0
34,576,64,49284,WS,1784475,168550272,3549312,0.4947887076265455,0.010419202986770555
35,4608,512,25,WS,18466,3898368,0,0.4976470588235294,0.0
36,1024,1,1,WS,2049,0,0,0.0,0.0
37,1440,320,100,WS,11597,3156480,0,0.49818181818181817,0.0
38,16,96,12544,WS,15696,37632,0,0.01171875,0.0
39,928,128,196,WS,13057,1805888,0,0.49642857142857144,0.0
40,480,16,144,WS,4809,133440,0,0.4826388888888889,0.0
41,64,64,196,WS,935,1664,0,0.011054421768707483,0.0
42,2048,512,49,WS,12356,3399680,0,0.49819927971188477,0.0
43,1728,1728,225,WS,33672,43512768,0,0.4996230158730159,0.0
44,2048,448,64,WS,10300,3921920,0,0.4986979166666667,0.0
45,464,464,49,WS,2380,679760,0,0.49829931972789115,0.0
46,512,128,144,WS,5165,732160,0,0.4965277777777778,0.0
47,4032,384,36,WS,16167,3757824,0,0.49786324786324787,0.0
48,192,96,676,WS,8620,24768,0,0.011926775147928994,0.0
49,192,32,784,WS,9698,9408,0,0.0078125,0.0
50,27,64,49284,WS,92457,166374,0,0.010419202986770555,0.0
51,25088,1,1,WS,50177,0,0,0.0,0.0
52,192,32,1225,WS,15130,14784,0,0.007857142857142858,0.0
53,864,208,100,WS,6961,1202688,0,0.49714285714285716,0.0
54,832,256,25,WS,2514,371904,0,0.49666666666666665,0.0
55,116,116,784,WS,5996,17052,0,0.01171875,0.0
56,1280,448,64,WS,6460,2451200,0,0.4986979166666667,0.0
57,960,128,196,WS,13505,1868160,0,0.49642857142857144,0.0
58,256,1024,196,WS,4538,1815040,0,0.2659813925570228,0.0
59,528,528,144,WS,5970,2731344,0,0.49893904320987653,0.0
60,1344,192,187,WS,17556,3501120,0,0.4975171886936593,0.0
61,832,160,25,WS,2508,247104,0,0.495,0.0
62,2048,192,64,WS,10268,1824768,0,0.49720982142857145,0.0
63,1440,320,9,WS,2891,282240,0,0.494949494949495,0.0
64,24,116,784,WS,1396,3528,0,0.01171875,0.0
65,1728,192,225,WS,27753,5415552,0,0.49746031746031744,0.0
66,256,64,3136,WS,51020,2508544,0,0.260390093537415,0.0
67,27,32,49284,WS,89376,83187,0,0.007814402240077916,0.0
68,736,128,196,WS,10369,1432256,0,0.49642857142857144,0.0
69,64,128,3136,WS,13588,50176,0,0.0125,0.0
70,27,27,49284,WS,86295,0,0,0.0,0.0
71,288,64,1225,WS,22695,2094336,0,0.4946938775510204,0.0
72,192,64,196,WS,2727,4992,0,0.011054421768707483,0.0
73,672,128,49,WS,3380,325920,0,0.49489795918367346,0.0
74,320,128,196,WS,4545,622720,0,0.49642857142857144,0.0
75,528,128,144,WS,5325,755040,0,0.4965277777777778,0.0
76,64,80,5329,WS,22442,42752,0,0.010445987364733846,0.0
77,992,128,196,WS,13953,1930432,0,0.49642857142857144,0.0
78,576,128,49,WS,2900,279360,0,0.49489795918367346,0.0
79,416,128,784,WS,21045,3240640,0,0.4968112244897959,0.0
80,256,32,676,WS,11350,356864,0,0.2577662721893491,0.0
81,24,144,3136,WS,5708,18816,0,0.0125,0.0
82,288,128,196,WS,4097,560448,0,0.49642857142857144,0.0
83,1152,1152,12100,WS,904286,1058503680,32266368,0.49958677685950414,0.015228903871248369
84,608,128,196,WS,8577,1183168,0,0.49642857142857144,0.0
85,288,32,21609,WS,392078,24504192,0,0.49217918459900967,0.0
86,720,192,5041,WS,230452,50585040,0,0.4977541304163006,0.0
87,512,512,144,WS,5785,2501120,0,0.4988766339869281,0.0
88,576,96,196,WS,8116,895104,0,0.4955357142857143,0.0
89,288,64,21025,WS,382953,35952192,0,0.4947839873166865,0.0
90,464,464,196,WS,6691,2721824,0,0.4988095238095238,0.0
91,147,64,47524,WS,445797,873474,0,0.010419296916645625,0.0
92,160,160,49,WS,824,3200,0,0.017006802721088437,0.0
93,2048,384,64,WS,10292,3397632,0,0.49849759615384615,0.0
94,832,48,25,WS,2500,80704,0,0.485,0.0
95,528,256,144,WS,5361,1363296,0,0.498070987654321,0.0
96,64,384,196,WS,1065,9984,0,0.015306122448979591,0.0
97,576,160,49,WS,2904,335808,0,0.4957482993197279,0.0
98,800,96,484,WS,25724,3072000,0,0.49586776859504134,0.0
99,192,128,784,WS,9845,37632,0,0.0125,0.0
100,512,128,196,WS,7233,996352,0,0.49642857142857144,0.0
101,27,24,49284,WS,86295,0,0,0.0,0.0
102,224,128,784,WS,11445,43904,0,0.0125,0.0
103,16,16,12544,WS,13344,0,0,0.0,0.0
104,1152,1,1,WS,2305,0,0,0.0,0.0
105,160,128,784,WS,8245,31360,0,0.0125,0.0
106,864,128,49,WS,4340,419040,0,0.49489795918367346,0.0
107,480,192,144,WS,4863,962880,0,0.4975198412698413,0.0
108,256,256,676,WS,11651,1645312,0,0.26409434582511504,0.0
109,512,112,144,WS,5156,584704,0,0.4956597222222222,0.0
110,600,64,64,WS,3012,227400,0,0.4934895833333333,0.0
111,640,128,196,WS,9025,1245440,0,0.49642857142857144,0.0
112,704,128,49,WS,3540,341440,0,0.49489795918367346,0.0
113,400,32,484,WS,12862,761600,0,0.49173553719008267,0.0
114,480,64,144,WS,4827,409920,0,0.49421296296296297,0.0
115,768,128,49,WS,3860,372480,0,0.49489795918367346,0.0
116,640,128,49,WS,3220,310400,0,0.49489795918367346,0.0
117,128,128,784,WS,6645,25088,0,0.0125,0.0
118,512,1024,784,WS,28290,27269120,0,0.4995123049219688,0.0
119,768,160,289,WS,15474,2648064,0,0.497116493656286,0.0
120,1120,160,187,WS,14632,2498720,0,0.4971033868092692,0.0
121,1200,64,961,WS,74583,6844800,0,0.4946236559139785,0.0
122,512,2048,49,WS,4876,3357184,0,0.4993146512336278,0.0
123,1152,256,100,WS,9279,2064384,0,0.49777777777777776,0.0
124,1152,256,2916,WS,213615,60254208,0,0.49824721841182745,0.0
125,528,160,144,WS,5334,907104,0,0.49710648148148145,0.0
126,1280,1,1,WS,2561,0,0,0.0,0.0
127,192,32,676,WS,8534,8256,0,0.007951183431952663,0.0
128,832,128,49,WS,4180,403520,0,0.49489795918367346,0.0
129,832,384,25,WS,2522,538304,0,0.4976923076923077,0.0
130,576,576,49284,WS,1834347,1076952384,31943808,0.49917689738102256,0.014806235823305525
131,704,128,196,WS,9921,1369984,0,0.49642857142857144,0.0
132,800,128,49,WS,4020,388000,0,0.49489795918367346,0.0
133,384,128,196,WS,5441,747264,0,0.49642857142857144,0.0
134,1008,224,100,WS,8120,1604736,0,0.4975,0.0
135,576,192,2704,WS,99103,21707136,0,0.4977546491969569,0.0
136,2304,2304,2916,WS,446877,1007336448,0,0.499785093735711,0.0
137,1152,192,576,WS,42876,9247104,0,0.4977058531746032,0.0
138,2592,384,1089,WS,182337,73208448,0,0.498763862400226,0.0
139,672,128,196,WS,9473,1307712,0,0.49642857142857144,0.0
140,896,192,187,WS,11732,2334080,0,0.4975171886936593,0.0
141,512,128,9,WS,1029,45056,0,0.4888888888888889,0.0
142,4608,4608,676,WS,250631,928028160,0,0.49986845240459077,0.0
143,128,512,784,WS,7361,100352,0,0.014705882352941176,0.0
144,1200,128,1,WS,2405,9600,0,0.4,0.0
145,256,128,3136,WS,51412,4214528,0,0.26248405612244896,0.0
146,256,48,1225,WS,20122,646656,0,0.2577551020408163,0.0
147,544,128,49,WS,2740,263840,0,0.49489795918367346,0.0
148,416,128,196,WS,5889,809536,0,0.49642857142857144,0.0
149,896,128,187,WS,11708,1663872,0,0.496524064171123,0.0
150,288,128,784,WS,14645,2243520,0,0.4968112244897959,0.0
151,192,64,1225,WS,15207,29568,0,0.010476190476190476,0.0
152,96,96,196,WS,1396,3744,0,0.012436224489795918,0.0
153,4608,512,144,WS,50841,22510080,0,0.4988766339869281,0.0
154,1728,320,225,WS,27813,8525952,0,0.4983838383838384,0.0
155,1728,384,9,WS,3469,400896,0,0.49572649572649574,0.0
156,2304,512,676,WS,104411,52851456,0,0.49902105812739295,0.0
157,512,24,144,WS,5129,142336,0,0.4826388888888889,0.0
158,832,192,25,WS,2510,288704,0,0.4957142857142857,0.0
159,1152,384,48,WS,4647,1433088,0,0.4983974358974359,0.0
160,256,64,1225,WS,20199,979968,0,0.26040816326530614,0.0
161,736,128,49,WS,3700,356960,0,0.49489795918367346,0.0
162,160,128,3136,WS,32500,125440,0,0.0125,0.0
163,1024,512,196,WS,15581,6808576,0,0.49887454981992796,0.0
164,480,480,144,WS,4944,2207040,0,0.4989149305555556,0.0
165,96,24,3136,WS,19108,0,0,0.0,0.0
166,400,48,64,WS,2008,100400,0,0.490234375,0.0
167,320,128,784,WS,16245,2492800,0,0.4968112244897959,0.0
168,928,128,49,WS,4660,450080,0,0.49489795918367346,0.0
169,800,128,1,WS,1605,6400,0,0.4,0.0
170,192,48,1225,WS,15130,14784,0,0.007857142857142858,0.0
171,384,64,196,WS,5415,446208,0,0.49404761904761907,0.0
172,224,128,3136,WS,45108,175616,0,0.0125,0.0
173,512,32,144,WS,5138,289792,0,0.4913194444444444,0.0
174,896,128,196,WS,12609,1743616,0,0.49642857142857144,0.0
175,147,64,50176,WS,470547,921984,0,0.010416666666666666,0.0
176,480,96,144,WS,4836,548160,0,0.4956597222222222,0.0
177,232,232,196,WS,3352,21112,0,0.014508928571428572,0.0
178,512,160,144,WS,5174,879616,0,0.49710648148148145,0.0
179,480,128,784,WS,24245,3739200,0,0.4968112244897959,0.0
180,480,128,196,WS,6785,934080,0,0.49642857142857144,0.0
181,192,128,3136,WS,38804,150528,0,0.0125,0.0
182,832,32,25,WS,2500,80704,0,0.485,0.0
183,576,64,2916,WS,106533,9971712,0,0.4947416552354824,0.0
184,528,128,9,WS,1061,46464,0,0.4888888888888889,0.0
185,1152,32,2916,WS,212334,13224960,0,0.4921124828532236,0.0
186,192,64,676,WS,8577,16512,0,0.010601577909270217,0.0
187,832,128,196,WS,11713,1619072,0,0.49642857142857144,0.0
188,960,128,49,WS,4820,465600,0,0.49489795918367346,0.0
189,960,160,49,WS,4824,559680,0,0.4957482993197279,0.0
190,1152,128,12100,WS,877001,138518784,3488256,0.49686776859504134,0.012512396694214877
191,576,128,196,WS,8129,1120896,0,0.49642857142857144,0.0
192,147,147,47524,WS,451739,1746948,0,0.01250315629997475,0.0
193,320,1280,49,WS,2408,1314880,0,0.4991496598639456,0.0
194,256,128,784,WS,13045,1053440,0,0.2624362244897959,0.0
195,1152,128,676,WS,50903,7736832,0,0.4967455621301775,0.0
196,832,128,25,WS,2506,205504,0,0.494,0.0
197,147,147,50176,WS,476819,1843968,0,0.0125,0.0
198,1280,320,64,WS,6444,1795840,0,0.4982244318181818,0.0
199,2304,256,144,WS,23121,5948928,0,0.498070987654321,0.0
200,27,32,88209,WS,159933,148878,0,0.007813828520899228,0.0
201,832,832,25,WS,3382,1119872,0,0.4985185185185185,0.0
202,512,256,784,WS,26041,7199744,0,0.49822845804988664,0.0
203,96,128,3136,WS,19892,75264,0,0.0125,0.0
204,192,16,676,WS,8491,0,0,0.0,0.0
205,1024,256,196,WS,14453,3598336,0,0.498015873015873,0.0
206,1152,32,25,WS,3460,111744,0,0.485,0.0
207,352,128,784,WS,17845,2742080,0,0.4968112244897959,0.0
208,576,128,12100,WS,440393,69259392,0,0.49686776859504134,0.0
209,256,128,196,WS,3649,263936,0,0.26301020408163267,0.0
210,128,128,3136,WS,26196,100352,0,0.0125,0.0
211,800,64,64,WS,4012,303200,0,0.4934895833333333,0.0
212,928,1024,49,WS,6632,3085600,0,0.4989495798319328,0.0
213,2048,1,1,WS,4097,0,0,0.0,0.0
214,2304,256,2916,WS,425583,120508416,0,0.49824721841182745,0.0
215,24,116,3136,WS,5512,14112,0,0.01171875,0.0
216,864,96,1089,WS,60756,7466688,0,0.4959825528007346,0.0
217,4608,512,676,WS,208091,105702912,0,0.49902105812739295,0.0
218,384,96,196,WS,5428,596736,0,0.4955357142857143,0.0
219,288,288,21025,WS,392158,120724992,0,0.4984351961950059,0.0
220,4096,1,1,WS,8193,0,0,0.0,0.0
221,1120,192,187,WS,14644,2917600,0,0.4975171886936593,0.0
222,576,96,1089,WS,40596,4977792,0,0.4959825528007346,0.0
223,896,128,49,WS,4500,434560,0,0.49489795918367346,0.0
224,1280,192,64,WS,6428,1140480,0,0.49720982142857145,0.0
225,1296,288,100,WS,10438,2581632,0,0.498,0.0
226,192,192,676,WS,8749,49536,0,0.013630600169061707,0.0
227,352,128,196,WS,4993,684992,0,0.49642857142857144,0.0
228,544,128,196,WS,7681,1058624,0,0.49642857142857144,0.0
229,528,32,144,WS,5298,298848,0,0.4913194444444444,0.0
230,512,128,784,WS,25845,3988480,0,0.4968112244897959,0.0
231,960,320,49,WS,4844,1030080,0,0.4976808905380334,0.0
232,232,232,784,WS,11992,79576,0,0.013671875,0.0
233,448,128,196,WS,6337,871808,0,0.49642857142857144,0.0
234,512,64,144,WS,5147,437248,0,0.49421296296296297,0.0
235,1024,2048,196,WS,19303,26875904,0,0.49965732561681386,0.0
236,1152,32,144,WS,11538,652032,0,0.4913194444444444,0.0
237,32,192,784,WS,1943,9408,0,0.013392857142857142,0.0
238,64,256,3136,OS,14372,5530140,0,0.05887545072115385,0.0
239,24,24,3136,OS,4924,0,0,0.0,0.0
240,2048,320,64,OS,364,0,0,0.0,0.0
241,144,24,3136,OS,28564,0,0,0.0,0.0
242,4608,4608,144,OS,4077,191763,0,0.015516493055555556,0.0
243,1152,32,676,OS,29830,0,0,0.0,0.0
244,768,128,196,OS,2809,0,0,0.0,0.0
245,864,864,1089,OS,63276,2102016,0,0.01872769332204762,0.0
246,64,64,3136,OS,13196,1843380,0,0.05887545072115385,0.0
247,512,128,49,OS,265,0,0,0.0,0.0
248,1280,384,64,OS,372,0,0,0.0,0.0
249,256,128,676,OS,11479,0,0,0.0,0.0
250,256,512,3136,OS,54020,10445820,0,0.05018890881147541,0.0
251,992,128,49,OS,265,0,0,0.0,0.0
252,288,48,1225,OS,22618,0,0,0.0,0.0
253,256,64,676,OS,11393,0,0,0.0,0.0
254,608,128,49,OS,265,0,0,0.0,0.0
255,768,192,289,OS,5913,0,0,0.0,0.0
256,512,144,144,OS,1485,0,0,0.0,0.0
257,800,128,196,OS,2809,0,0,0.0,0.0
258,864,128,576,OS,21492,0,0,0.0,0.0
259,384,128,784,OS,19445,0,0,0.0,0.0
260,448,128,784,OS,22645,0,0,0.0,0.0
261,64,64,2916,OS,12325,1600335,0,0.0588601167304871,0.0
262,32,16,12544,OS,25904,9833712,0,0.06202037183544304,0.0
263,720,720,5041,OS,236544,38223360,0,0.043874088880015975,0.0
264,864,128,196,OS,2809,0,0,0.0,0.0
265,144,32,784,OS,7298,0,0,0.0,0.0
266,32,32,784,OS,1698,0,0,0.0,0.0
267,768,128,289,OS,5875,0,0,0.0,0.0
268,800,128,64,OS,340,0,0,0.0,0.0
269,160,960,49,OS,418,0,0,0.0,0.0
270,576,576,2704,OS,101707,8679333,0,0.038117666967509026,0.0
271,96,576,196,OS,1687,0,0,0.0,0.0
272,576,64,49284,OS,1784475,455522769,0,0.06039632801658589,0.0
273,4608,512,25,OS,134,0,0,0.0,0.0
274,1024,1,1,OS,3,0,0,0.0,0.0
275,1440,320,100,OS,877,0,0,0.0,0.0
276,16,96,12544,OS,15696,39334848,0,0.06225679002541296,0.0
277,928,128,196,OS,2809,0,0,0.0,0.0
278,480,16,144,OS,1449,0,0,0.0,0.0
279,64,64,196,OS,935,0,0,0.0,0.0
280,2048,512,49,OS,362,0,0,0.0,0.0
281,1728,1728,225,OS,5115,188160,0,0.016592592592592593,0.0
282,2048,448,64,OS,380,0,0,0.0,0.0
283,464,464,49,OS,305,0,0,0.0,0.0
284,512,128,144,OS,1485,0,0,0.0,0.0
285,4032,384,36,OS,183,0,0,0.0,0.0
286,192,96,676,OS,8620,0,0,0.0,0.0
287,192,32,784,OS,9698,0,0,0.0,0.0
288,27,64,49284,OS,92457,455522769,0,0.06241137414731245,0.0
289,25088,1,1,OS,3,0,0,0.0,0.0
290,192,32,1225,OS,15130,0,0,0.0,0.0
291,864,208,100,OS,849,0,0,0.0,0.0
292,832,256,25,OS,93,0,0,0.0,0.0
293,116,116,784,OS,5996,0,0,0.0,0.0
294,1280,448,64,OS,380,0,0,0.0,0.0
295,960,128,196,OS,2809,0,0,0.0,0.0
296,256,1024,196,OS,3578,0,0,0.0,0.0
297,528,528,144,OS,1746,0,0,0.0,0.0
298,1344,192,187,OS,2515,0,0,0.0,0.0
299,832,160,25,OS,87,0,0,0.0,0.0
300,2048,192,64,OS,348,0,0,0.0,0.0
301,1440,320,9,OS,29,0,0,0.0,0.0
302,24,116,784,OS,1396,0,0,0.0,0.0
303,1728,192,225,OS,3705,0,0,0.0,0.0
304,256,64,3136,OS,51020,1843380,0,0.05018890881147541,0.0
305,27,32,49284,OS,89376,303681846,0,0.06241137414731245,0.0
306,736,128,196,OS,2809,0,0,0.0,0.0
307,64,128,3136,OS,13588,3072300,0,0.05887545072115385,0.0
308,27,27,49284,OS,86295,151840923,0,0.06241137414731245,0.0
309,288,64,1225,OS,22695,0,0,0.0,0.0
310,192,64,196,OS,2727,0,0,0.0,0.0
311,672,128,49,OS,265,0,0,0.0,0.0
312,320,128,196,OS,2809,0,0,0.0,0.0
313,528,128,144,OS,1485,0,0,0.0,0.0
314,64,80,5329,OS,22442,5338656,0,0.06048493462702619,0.0
315,992,128,196,OS,2809,0,0,0.0,0.0
316,576,128,49,OS,265,0,0,0.0,0.0
317,416,128,784,OS,21045,0,0,0.0,0.0
318,256,32,676,OS,11350,0,0,0.0,0.0
319,24,144,3136,OS,5708,3072300,0,0.06107777431421446,0.0
320,288,128,196,OS,2809,0,0,0.0,0.0
321,1152,1152,12100,OS,904286,348039834,0,0.048658873618959174,0.0
322,608,128,196,OS,2809,0,0,0.0,0.0
323,288,32,21609,OS,392078,58384816,0,0.06011380232963139,0.0
324,720,192,5041,OS,230452,11148480,0,0.043874088880015975,0.0
325,512,512,144,OS,1737,0,0,0.0,0.0
326,576,96,196,OS,2796,0,0,0.0,0.0
327,288,64,21025,OS,382953,82939680,0,0.06007297982595029,0.0
328,464,464,196,OS,2939,0,0,0.0,0.0
329,147,64,47524,OS,445797,423572499,0,0.061939695282362144,0.0
330,160,160,49,OS,269,0,0,0.0,0.0
331,2048,384,64,OS,372,0,0,0.0,0.0
332,832,48,25,OS,79,0,0,0.0,0.0
333,528,256,144,OS,1521,0,0,0.0,0.0
334,64,384,196,OS,1065,0,0,0.0,0.0
335,576,160,49,OS,269,0,0,0.0,0.0
336,800,96,484,OS,15612,0,0,0.0,0.0
337,192,128,784,OS,9845,0,0,0.0,0.0
338,512,128,196,OS,2809,0,0,0.0,0.0
339,27,24,49284,OS,86295,151840923,0,0.06241137414731245,0.0
340,224,128,784,OS,11445,0,0,0.0,0.0
341,16,16,12544,OS,13344,9833712,0,0.06225679002541296,0.0
342,1152,1,1,OS,3,0,0,0.0,0.0
343,160,128,784,OS,8245,0,0,0.0,0.0
344,864,128,49,OS,265,0,0,0.0,0.0
345,480,192,144,OS,1503,0,0,0.0,0.0
346,256,256,676,OS,11651,0,0,0.0,0.0
347,512,112,144,OS,1476,0,0,0.0,0.0
348,600,64,64,OS,332,0,0,0.0,0.0
349,640,128,196,OS,2809,0,0,0.0,0.0
350,704,128,49,OS,265,0,0,0.0,0.0
351,400,32,484,OS,12862,0,0,0.0,0.0
352,480,64,144,OS,1467,0,0,0.0,0.0
353,768,128,49,OS,265,0,0,0.0,0.0
354,640,128,49,OS,265,0,0,0.0,0.0
355,128,128,784,OS,6645,0,0,0.0,0.0
356,512,1024,784,OS,28290,1304478,0,0.02109375,0.0
357,768,160,289,OS,5894,0,0,0.0,0.0
358,1120,160,187,OS,2503,0,0,0.0,0.0
359,1200,64,961,OS,59765,0,0,0.0,0.0
360,512,2048,49,OS,709,0,0,0.0,0.0
361,1152,256,100,OS,863,0,0,0.0,0.0
362,1152,256,2916,OS,213615,4801005,0,0.02870954846176301,0.0
363,528,160,144,OS,1494,0,0,0.0,0.0
364,1280,1,1,OS,3,0,0,0.0,0.0
365,192,32,676,OS,8534,0,0,0.0,0.0
366,832,128,49,OS,265,0,0,0.0,0.0
367,832,384,25,OS,101,0,0,0.0,0.0
368,576,576,49284,OS,1834347,2884977537,0,0.06039632801658589,0.0
369,704,128,196,OS,2809,0,0,0.0,0.0
370,800,128,49,OS,265,0,0,0.0,0.0
371,384,128,196,OS,2809,0,0,0.0,0.0
372,1008,224,100,OS,856,0,0,0.0,0.0
373,576,192,2704,OS,99103,3197649,0,0.038117666967509026,0.0
374,2304,2304,2916,OS,446877,40008375,0,0.01861388306861558,0.0
375,1152,192,576,OS,21564,0,0,0.0,0.0
376,2592,384,1089,OS,77127,975936,0,0.01582567472875512,0.0
377,672,128,196,OS,2809,0,0,0.0,0.0
378,896,192,187,OS,2515,0,0,0.0,0.0
379,512,128,9,OS,23,0,0,0.0,0.0
380,4608,4608,676,OS,42235,4324725,0,0.015878842652568188,0.0
381,128,512,784,OS,7361,652239,0,0.04189854452054795,0.0
382,1200,128,1,OS,7,0,0,0.0,0.0
383,256,128,3136,OS,51412,3072300,0,0.05018890881147541,0.0
384,256,48,1225,OS,20122,0,0,0.0,0.0
385,544,128,49,OS,265,0,0,0.0,0.0
386,416,128,196,OS,2809,0,0,0.0,0.0
387,896,128,187,OS,2491,0,0,0.0,0.0
388,288,128,784,OS,14645,0,0,0.0,0.0
389,192,64,1225,OS,15207,0,0,0.0,0.0
390,96,96,196,OS,1396,0,0,0.0,0.0
391,4608,512,144,OS,1737,0,0,0.0,0.0
392,1728,320,225,OS,3765,0,0,0.0,0.0
393,1728,384,9,OS,31,0,0,0.0,0.0
394,2304,512,676,OS,31151,493425,0,0.015878842652568188,0.0
395,512,24,144,OS,1449,0,0,0.0,0.0
396,832,192,25,OS,89,0,0,0.0,0.0
397,1152,384,48,OS,231,0,0,0.0,0.0
398,256,64,1225,OS,20199,0,0,0.0,0.0
399,736,128,49,OS,265,0,0,0.0,0.0
400,160,128,3136,OS,32500,3072300,0,0.05418625553097345,0.0
401,1024,512,196,OS,3161,0,0,0.0,0.0
402,480,480,144,OS,1584,0,0,0.0,0.0
403,96,24,3136,OS,19108,0,0,0.0,0.0
404,400,48,64,OS,328,0,0,0.0,0.0
405,320,128,784,OS,16245,0,0,0.0,0.0
406,928,128,49,OS,265,0,0,0.0,0.0
407,800,128,1,OS,7,0,0,0.0,0.0
408,192,48,1225,OS,15130,0,0,0.0,0.0
409,384,64,196,OS,2783,0,0,0.0,0.0
410,224,128,3136,OS,45108,3072300,0,0.051454175420168065,0.0
411,512,32,144,OS,1458,0,0,0.0,0.0
412,896,128,196,OS,2809,0,0,0.0,0.0
413,147,64,50176,OS,470547,472046400,0,0.06195423474326807,0.0
414,480,96,144,OS,1476,0,0,0.0,0.0
415,232,232,196,OS,2848,0,0,0.0,0.0
416,512,160,144,OS,1494,0,0,0.0,0.0
417,480,128,784,OS,24245,0,0,0.0,0.0
418,480,128,196,OS,2809,0,0,0.0,0.0
419,192,128,3136,OS,38804,3072300,0,0.05278488685344827,0.0
420,832,32,25,OS,79,0,0,0.0,0.0
421,576,64,2916,OS,106533,1600335,0,0.039392171145209716,0.0
422,528,128,9,OS,23,0,0,0.0,0.0
423,1152,32,2916,OS,212334,421342,0,0.011338130986302384,0.0
424,192,64,676,OS,8577,0,0,0.0,0.0
425,832,128,196,OS,2809,0,0,0.0,0.0
426,960,128,49,OS,265,0,0,0.0,0.0
427,960,160,49,OS,269,0,0,0.0,0.0
428,1152,128,12100,OS,877001,45794715,0,0.048658873618959174,0.0
429,576,128,196,OS,2809,0,0,0.0,0.0
430,147,147,47524,OS,451739,705954165,0,0.061939695282362144,0.0
431,320,1280,49,OS,511,0,0,0.0,0.0
432,256,128,784,OS,13045,0,0,0.0,0.0
433,1152,128,676,OS,29959,0,0,0.0,0.0
434,832,128,25,OS,85,0,0,0.0,0.0
435,147,147,50176,OS,476819,786744000,0,0.06195423474326807,0.0
436,1280,320,64,OS,364,0,0,0.0,0.0
437,2304,256,144,OS,1521,0,0,0.0,0.0
438,27,32,88209,OS,159933,972757824,0,0.06245257095222373,0.0
439,832,832,25,OS,154,0,0,0.0,0.0
440,512,256,784,OS,26041,0,0,0.0,0.0
441,96,128,3136,OS,19892,3072300,0,0.05722473714953271,0.0
442,192,16,676,OS,8491,0,0,0.0,0.0
443,1024,256,196,OS,2861,0,0,0.0,0.0
444,1152,32,25,OS,79,0,0,0.0,0.0
445,352,128,784,OS,17845,0,0,0.0,0.0
446,576,128,12100,OS,440393,45794715,0,0.054739473388525375,0.0
447,256,128,196,OS,2809,0,0,0.0,0.0
448,128,128,3136,OS,26196,3072300,0,0.0556640625,0.0
449,800,64,64,OS,332,0,0,0.0,0.0
450,928,1024,49,OS,479,0,0,0.0,0.0
451,2048,1,1,OS,3,0,0,0.0,0.0
452,2304,256,2916,OS,425583,4801005,0,0.01861388306861558,0.0
453,24,116,3136,OS,5512,2457840,0,0.06107777431421446,0.0
454,864,96,1089,OS,60756,0,0,0.0,0.0
455,4608,512,676,OS,31151,493425,0,0.015878842652568188,0.0
456,384,96,196,OS,2796,0,0,0.0,0.0
457,288,288,21025,OS,392158,276465600,0,0.06007297982595029,0.0
458,4096,1,1,OS,3,0,0,0.0,0.0
459,1120,192,187,OS,2515,0,0,0.0,0.0
460,576,96,1089,OS,40596,0,0,0.0,0.0
461,896,128,49,OS,265,0,0,0.0,0.0
462,1280,192,64,OS,348,0,0,0.0,0.0
463,1296,288,100,OS,870,0,0,0.0,0.0
464,192,192,676,OS,8749,0,0,0.0,0.0
465,352,128,196,OS,2809,0,0,0.0,0.0
466,544,128,196,OS,2809,0,0,0.0,0.0
467,528,32,144,OS,1458,0,0,0.0,0.0
468,512,128,784,OS,25845,0,0,0.0,0.0
469,960,320,49,OS,289,0,0,0.0,0.0
470,232,232,784,OS,11992,0,0,0.0,0.0
471,448,128,196,OS,2809,0,0,0.0,0.0
472,512,64,144,OS,1467,0,0,0.0,0.0
473,1024,2048,196,OS,4399,169845,0,0.016497032486463975,0.0
474,1152,32,144,OS,1458,0,0,0.0,0.0
475,32,192,784,OS,1943,0,0,0.0,0.0
476,64,256,3136,IS,14372,111132,0,0.015380859375,0.0
477,24,24,3136,IS,4924,0,0,0.0,0.0
478,2048,320,64,IS,10284,0,0,0.0,0.0
479,144,24,3136,IS,28564,0,0,0.0,0.0
480,4608,4608,144,IS,88893,6177987,0,0.015621609157986112,0.0
481,1152,32,676,IS,50774,0,0,0.0,0.0
482,768,128,196,IS,10817,0,0,0.0,0.0
483,864,864,1089,IS,63276,1667316,0,0.015821886797265584,0.0
484,64,64,3136,IS,13196,37044,0,0.015380859375,0.0
485,512,128,49,IS,2580,0,0,0.0,0.0
486,1280,384,64,IS,6452,0,0,0.0,0.0
487,256,128,676,IS,11479,0,0,0.0,0.0
488,256,512,3136,IS,54020,849660,0,0.01556396484375,0.0
489,992,128,49,IS,4980,0,0,0.0,0.0
490,288,48,1225,IS,22618,0,0,0.0,0.0
491,256,64,676,IS,11393,0,0,0.0,0.0
492,608,128,49,IS,3060,0,0,0.0,0.0
493,768,192,289,IS,15493,0,0,0.0,0.0
494,512,144,144,IS,5165,0,0,0.0,0.0
495,800,128,196,IS,11265,0,0,0.0,0.0
496,864,128,576,IS,32148,0,0,0.0,0.0
497,384,128,784,IS,19445,0,0,0.0,0.0
498,448,128,784,IS,22645,0,0,0.0,0.0
499,64,64,2916,IS,12325,34587,0,0.015444155092592593,0.0
500,32,16,12544,IS,25904,24304,0,0.01513671875,0.0
501,720,720,5041,IS,236544,10685856,0,0.030668242632634617,0.0
502,864,128,196,IS,12161,0,0,0.0,0.0
503,144,32,784,IS,7298,0,0,0.0,0.0
504,32,32,784,IS,1698,0,0,0.0,0.0
505,768,128,289,IS,15455,0,0,0.0,0.0
506,800,128,64,IS,4020,0,0,0.0,0.0
507,160,960,49,IS,1084,0,0,0.0,0.0
508,576,576,2704,IS,101707,1846325,0,0.015597873263888888,0.0
509,96,576,196,IS,1687,0,0,0.0,0.0
510,576,64,49284,IS,1784475,8864037,0,0.026020874125815004,0.0
511,4608,512,25,IS,18466,0,0,0.0,0.0
512,1024,1,1,IS,2049,0,0,0.0,0.0
513,1440,320,100,IS,11597,0,0,0.0,0.0
514,16,96,12544,IS,15696,84672,0,0.0263671875,0.0
515,928,128,196,IS,13057,0,0,0.0,0.0
516,480,16,144,IS,4809,0,0,0.0,0.0
517,64,64,196,IS,935,0,0,0.0,0.0
518,2048,512,49,IS,12356,0,0,0.0,0.0
519,1728,1728,225,IS,33672,1450680,0,0.01665702160493827,0.0
520,2048,448,64,IS,10300,0,0,0.0,0.0
521,464,464,49,IS,2380,0,0,0.0,0.0
522,512,128,144,IS,5165,0,0,0.0,0.0
523,4032,384,36,IS,16167,0,0,0.0,0.0
524,192,96,676,IS,8620,0,0,0.0,0.0
525,192,32,784,IS,9698,0,0,0.0,0.0
526,27,64,49284,IS,92457,406692,0,0.025469162856550244,0.0
527,25088,1,1,IS,50177,0,0,0.0,0.0
528,192,32,1225,IS,15130,0,0,0.0,0.0
529,864,208,100,IS,6961,0,0,0.0,0.0
530,832,256,25,IS,2514,0,0,0.0,0.0
531,116,116,784,IS,5996,0,0,0.0,0.0
532,1280,448,64,IS,6460,0,0,0.0,0.0
533,960,128,196,IS,13505,0,0,0.0,0.0
534,256,1024,196,IS,4538,0,0,0.0,0.0
535,528,528,144,IS,5970,0,0,0.0,0.0
536,1344,192,187,IS,17556,0,0,0.0,0.0
537,832,160,25,IS,2508,0,0,0.0,0.0
538,2048,192,64,IS,10268,0,0,0.0,0.0
539,1440,320,9,IS,2891,0,0,0.0,0.0
540,24,116,784,IS,1396,0,0,0.0,0.0
541,1728,192,225,IS,27753,0,0,0.0,0.0
542,256,64,3136,IS,51020,149940,0,0.01556396484375,0.0
543,27,32,49284,IS,89376,243399,0,0.022864362109857605,0.0
544,736,128,196,IS,10369,0,0,0.0,0.0
545,64,128,3136,IS,13588,61740,0,0.015380859375,0.0
546,27,27,49284,IS,86295,80106,0,0.01504995986977969,0.0
547,288,64,1225,IS,22695,0,0,0.0,0.0
548,192,64,196,IS,2727,0,0,0.0,0.0
549,672,128,49,IS,3380,0,0,0.0,0.0
550,320,128,196,IS,4545,0,0,0.0,0.0
551,528,128,144,IS,5325,0,0,0.0,0.0
552,64,80,5329,IS,22442,105878,0,0.025870140582973666,0.0
553,992,128,196,IS,13953,0,0,0.0,0.0
554,576,128,49,IS,2900,0,0,0.0,0.0
555,416,128,784,IS,21045,0,0,0.0,0.0
556,256,32,676,IS,11350,0,0,0.0,0.0
557,24,144,3136,IS,5708,22540,0,0.014973958333333334,0.0
558,288,128,196,IS,4097,0,0,0.0,0.0
559,1152,1152,12100,IS,904286,65376034,0,0.030855822919687304,0.0
560,608,128,196,IS,8577,0,0,0.0,0.0
561,288,32,21609,IS,392078,1164562,0,0.023390821275600188,0.0
562,720,192,5041,IS,230452,2955548,0,0.029082436717330587,0.0
563,512,512,144,IS,5785,0,0,0.0,0.0
564,576,96,196,IS,8116,0,0,0.0,0.0
565,288,64,21025,IS,382953,1889655,0,0.026005953560576035,0.0
566,464,464,196,IS,6691,0,0,0.0,0.0
567,147,64,47524,IS,445797,2174772,0,0.02594192293532176,0.0
568,160,160,49,IS,824,0,0,0.0,0.0
569,2048,384,64,IS,10292,0,0,0.0,0.0
570,832,48,25,IS,2500,0,0,0.0,0.0
571,528,256,144,IS,5361,0,0,0.0,0.0
572,64,384,196,IS,1065,0,0,0.0,0.0
573,576,160,49,IS,2904,0,0,0.0,0.0
574,800,96,484,IS,25724,0,0,0.0,0.0
575,192,128,784,IS,9845,0,0,0.0,0.0
576,512,128,196,IS,7233,0,0,0.0,0.0
577,27,24,49284,IS,86295,80106,0,0.01504995986977969,0.0
578,224,128,784,IS,11445,0,0,0.0,0.0
579,16,16,12544,IS,13344,11760,0,0.0146484375,0.0
580,1152,1,1,IS,2305,0,0,0.0,0.0
581,160,128,784,IS,8245,0,0,0.0,0.0
582,864,128,49,IS,4340,0,0,0.0,0.0
583,480,192,144,IS,4863,0,0,0.0,0.0
584,256,256,676,IS,11651,0,0,0.0,0.0
585,512,112,144,IS,5156,0,0,0.0,0.0
586,600,64,64,IS,3012,0,0,0.0,0.0
587,640,128,196,IS,9025,0,0,0.0,0.0
588,704,128,49,IS,3540,0,0,0.0,0.0
589,400,32,484,IS,12862,0,0,0.0,0.0
590,480,64,144,IS,4827,0,0,0.0,0.0
591,768,128,49,IS,3860,0,0,0.0,0.0
592,640,128,49,IS,3220,0,0,0.0,0.0
593,128,128,784,IS,6645,0,0,0.0,0.0
594,512,1024,784,IS,28290,851326,0,0.015594482421875,0.0
595,768,160,289,IS,15474,0,0,0.0,0.0
596,1120,160,187,IS,14632,0,0,0.0,0.0
597,1200,64,961,IS,74583,0,0,0.0,0.0
598,512,2048,49,IS,4876,0,0,0.0,0.0
599,1152,256,100,IS,9279,0,0,0.0,0.0
600,1152,256,2916,IS,213615,1895697,0,0.015675681227137632,0.0
601,528,160,144,IS,5334,0,0,0.0,0.0
602,1280,1,1,IS,2561,0,0,0.0,0.0
603,192,32,676,IS,8534,0,0,0.0,0.0
604,832,128,49,IS,4180,0,0,0.0,0.0
605,832,384,25,IS,2522,0,0,0.0,0.0
606,576,576,49284,IS,1834347,65603733,0,0.030407906962349976,0.0
607,704,128,196,IS,9921,0,0,0.0,0.0
608,800,128,49,IS,4020,0,0,0.0,0.0
609,384,128,196,IS,5441,0,0,0.0,0.0
610,1008,224,100,IS,8120,0,0,0.0,0.0
611,576,192,2704,IS,99103,680225,0,0.015597873263888888,0.0
612,2304,2304,2916,IS,446877,31608675,0,0.015682490819330132,0.0
613,1152,192,576,IS,42876,0,0,0.0,0.0
614,2592,384,1089,IS,182337,2324127,0,0.01583410918953848,0.0
615,672,128,196,IS,9473,0,0,0.0,0.0
616,896,192,187,IS,11732,0,0,0.0,0.0
617,512,128,9,IS,1029,0,0,0.0,0.0
618,4608,4608,676,IS,250631,29517049,0,0.015898915829429653,0.0
619,128,512,784,IS,7361,105791,0,0.0155029296875,0.0
620,1200,128,1,IS,2405,0,0,0.0,0.0
621,256,128,3136,IS,51412,249900,0,0.01556396484375,0.0
622,256,48,1225,IS,20122,0,0,0.0,0.0
623,544,128,49,IS,2740,0,0,0.0,0.0
624,416,128,196,IS,5889,0,0,0.0,0.0
625,896,128,187,IS,11708,0,0,0.0,0.0
626,288,128,784,IS,14645,0,0,0.0,0.0
627,192,64,1225,IS,15207,0,0,0.0,0.0
628,96,96,196,IS,1396,0,0,0.0,0.0
629,4608,512,144,IS,50841,0,0,0.0,0.0
630,1728,320,225,IS,27813,0,0,0.0,0.0
631,1728,384,9,IS,3469,0,0,0.0,0.0
632,2304,512,676,IS,104411,1683493,0,0.01589546479495398,0.0
633,512,24,144,IS,5129,0,0,0.0,0.0
634,832,192,25,IS,2510,0,0,0.0,0.0
635,1152,384,48,IS,4647,0,0,0.0,0.0
636,256,64,1225,IS,20199,0,0,0.0,0.0
637,736,128,49,IS,3700,0,0,0.0,0.0
638,160,128,3136,IS,32500,155820,0,0.01552734375,0.0
639,1024,512,196,IS,15581,0,0,0.0,0.0
640,480,480,144,IS,4944,0,0,0.0,0.0
641,96,24,3136,IS,19108,0,0,0.0,0.0
642,400,48,64,IS,2008,0,0,0.0,0.0
643,320,128,784,IS,16245,0,0,0.0,0.0
644,928,128,49,IS,4660,0,0,0.0,0.0
645,800,128,1,IS,1605,0,0,0.0,0.0
646,192,48,1225,IS,15130,0,0,0.0,0.0
647,384,64,196,IS,5415,0,0,0.0,0.0
648,224,128,3136,IS,45108,218540,0,0.015555245535714286,0.0
649,512,32,144,IS,5138,0,0,0.0,0.0
650,896,128,196,IS,12609,0,0,0.0,0.0
651,147,64,50176,IS,470547,2295552,0,0.025935374149659865,0.0
652,480,96,144,IS,4836,0,0,0.0,0.0
653,232,232,196,IS,3352,0,0,0.0,0.0
654,512,160,144,IS,5174,0,0,0.0,0.0
655,480,128,784,IS,24245,0,0,0.0,0.0
656,480,128,196,IS,6785,0,0,0.0,0.0
657,192,128,3136,IS,38804,187180,0,0.015543619791666666,0.0
658,832,32,25,IS,2500,0,0,0.0,0.0
659,576,64,2916,IS,106533,315675,0,0.01566206204275263,0.0
660,528,128,9,IS,1061,0,0,0.0,0.0
661,1152,32,2916,IS,212334,421266,0,0.015675681227137632,0.0
662,192,64,676,IS,8577,0,0,0.0,0.0
663,832,128,196,IS,11713,0,0,0.0,0.0
664,960,128,49,IS,4820,0,0,0.0,0.0
665,960,160,49,IS,4824,0,0,0.0,0.0
666,1152,128,12100,IS,877001,7844791,0,0.02813931574265381,0.0
667,576,128,196,IS,8129,0,0,0.0,0.0
668,147,147,47524,IS,451739,3915778,0,0.028025782318650886,0.0
669,320,1280,49,IS,2408,0,0,0.0,0.0
670,256,128,784,IS,13045,0,0,0.0,0.0
671,1152,128,676,IS,50903,0,0,0.0,0.0
672,832,128,25,IS,2506,0,0,0.0,0.0
673,147,147,50176,IS,476819,4133248,0,0.028018707482993198,0.0
674,1280,320,64,IS,6444,0,0,0.0,0.0
675,2304,256,144,IS,23121,0,0,0.0,0.0
676,27,32,88209,IS,159933,435606,0,0.02286268345003848,0.0
677,832,832,25,IS,3382,0,0,0.0,0.0
678,512,256,784,IS,26041,204911,0,0.01418001689608135,0.0
679,96,128,3136,IS,19892,93100,0,0.015462239583333334,0.0
680,192,16,676,IS,8491,0,0,0.0,0.0
681,1024,256,196,IS,14453,0,0,0.0,0.0
682,1152,32,25,IS,3460,0,0,0.0,0.0
683,352,128,784,IS,17845,0,0,0.0,0.0
684,576,128,12100,IS,440393,3920503,0,0.02812573892332415,0.0
685,256,128,196,IS,3649,0,0,0.0,0.0
686,128,128,3136,IS,26196,124460,0,0.0155029296875,0.0
687,800,64,64,IS,4012,0,0,0.0,0.0
688,928,1024,49,IS,6632,0,0,0.0,0.0
689,2048,1,1,IS,4097,0,0,0.0,0.0
690,2304,256,2916,IS,425583,3793041,0,0.015682490819330132,0.0
691,24,116,3136,IS,5512,18032,0,0.014973958333333334,0.0
692,864,96,1089,IS,60756,0,0,0.0,0.0
693,4608,512,676,IS,208091,3367717,0,0.015898915829429653,0.0
694,384,96,196,IS,5428,0,0,0.0,0.0
695,288,288,21025,IS,392158,7182530,0,0.029654387964063944,0.0
696,4096,1,1,IS,8193,0,0,0.0,0.0
697,1120,192,187,IS,14644,0,0,0.0,0.0
698,576,96,1089,IS,40596,0,0,0.0,0.0
699,896,128,49,IS,4500,0,0,0.0,0.0
700,1280,192,64,IS,6428,0,0,0.0,0.0
701,1296,288,100,IS,10438,0,0,0.0,0.0
702,192,192,676,IS,8749,0,0,0.0,0.0
703,352,128,196,IS,4993,0,0,0.0,0.0
704,544,128,196,IS,7681,0,0,0.0,0.0
705,528,32,144,IS,5298,0,0,0.0,0.0
706,512,128,784,IS,25845,0,0,0.0,0.0
707,960,320,49,IS,4844,0,0,0.0,0.0
708,232,232,784,IS,11992,0,0,0.0,0.0
709,448,128,196,IS,6337,0,0,0.0,0.0
710,512,64,144,IS,5147,0,0,0.0,0.0
711,1024,2048,196,IS,19303,891033,0,0.01656543965242347,0.0
712,1152,32,144,IS,11538,0,0,0.0,0.0
713,32,192,784,IS,1943,0,0,0.0,0.0
