C,D,K,dataflow,compulsory_miss,l1_misses,l2_misses,l1_miss_ratio,l2_miss_ratio
16,96,12544,IS,87904,2320640,0,0.030110677,0
16,96,12544,OS,87904,944036352,0,0.06225679,0
16,96,12544,WS,87904,1191680,0,0.01546224,0
16,16,12544,IS,87904,2320640,0,0.030110677,0
16,16,12544,OS,87904,944036352,0,0.06225679,0
16,16,12544,WS,87904,1191680,0,0.01546224,0
16,16,12544,RIS,87904,2320640,0,0.030110677,0
16,16,12544,ROS,87904,944036352,0,0.06225679,0
16,16,12544,RWS,87904,1191680,0,0.01546224,0
16,96,12544,RIS,87904,2320640,0,0.030110677,0
16,96,12544,ROS,87904,944036352,0,0.06225679,0
16,96,12544,RWS,87904,1191680,0,0.01546224,0
24,116,3136,IS,27632,522928,0,0.014973958,0
24,144,3136,IS,33144,649152,0,0.014973958,0
24,116,784,IS,7052,130732,0,0.014973958,0
24,24,3136,IS,9456,108192,0,0.014973958,0
24,116,3136,OS,27632,71277360,0,0.061077774,0
24,144,3136,OS,33144,88482240,0,0.061077774,0
24,116,784,OS,7052,4450572,0,0.057169977,0
24,24,3136,OS,9456,14747040,0,0.061077774,0
24,116,3136,WS,27632,540960,0,0.015490302,0
24,144,3136,WS,33144,672672,0,0.015516493,0
24,116,784,WS,7052,135240,0,0.015490302,0
24,24,3136,WS,9456,108192,0,0.014973958,0
24,116,3136,RIS,27632,522928,0,0.014973958,0
24,144,3136,RIS,33144,649152,0,0.014973958,0
24,116,784,RIS,7052,130732,0,0.014973958,0
24,24,3136,RIS,9456,108192,0,0.014973958,0
24,116,3136,ROS,27632,71277360,0,0.061077774,0
24,144,3136,ROS,33144,88482240,0,0.061077774,0
24,116,784,ROS,7052,4450572,0,0.057169977,0
24,24,3136,ROS,9456,14747040,0,0.061077774,0
24,116,3136,RWS,27632,540960,0,0.015490302,0
24,144,3136,RWS,33144,672672,0,0.015516493,0
24,116,784,RWS,7052,135240,0,0.015490302,0
24,24,3136,RWS,9456,108192,0,0.014973958,0
27,24,49284,IS,157185,3835845,0,0.030027564,0
27,32,49284,IS,181833,5142189,0,0.030190364,0
27,32,88209,IS,325380,9202866,0,0.030188148,0
27,64,49284,IS,280479,10367565,0,0.030434564,0
27,27,49284,IS,166428,4325724,0,0.03009992,0
27,24,49284,OS,157185,3644182152,0,0.062411374,0
27,32,49284,OS,181833,4858909536,0,0.062411374,0
27,32,88209,OS,325380,15564125184,0,0.062452571,0
27,64,49284,OS,280479,9717819072,0,0.062411374,0
27,27,49284,OS,166428,4099704921,0,0.062411374,0
27,24,49284,WS,157185,1913301,0,0.014977604,0
27,32,49284,WS,181833,2578797,0,0.015140404,0
27,32,88209,WS,325380,4615218,0,0.015139293,0
27,64,49284,WS,280479,5240781,0,0.015384604,0
27,27,49284,WS,166428,2162862,0,0.01504996,0
27,24,49284,RIS,157185,3835845,0,0.030027564,0
27,32,49284,RIS,181833,5142189,0,0.030190364,0
27,32,88209,RIS,325380,9202866,0,0.030188148,0
27,64,49284,RIS,280479,10367565,0,0.030434564,0
27,27,49284,RIS,166428,4325724,0,0.03009992,0
27,24,49284,ROS,157185,3644182152,0,0.062411374,0
27,32,49284,ROS,181833,4858909536,0,0.062411374,0
27,32,88209,ROS,325380,15564125184,0,0.062452571,0
27,64,49284,ROS,280479,9717819072,0,0.062411374,0
27,27,49284,ROS,166428,4099704921,0,0.062411374,0
27,24,49284,RWS,157185,1913301,0,0.014977604,0
27,32,49284,RWS,181833,2578797,0,0.015140404,0
27,32,88209,RWS,325380,4615218,0,0.015139293,0
27,64,49284,RWS,280479,5240781,0,0.015384604,0
27,27,49284,RWS,166428,2162862,0,0.01504996,0
32,192,784,IS,11360,291648,0,0.015136719,0
32,16,12544,IS,37664,765184,0,0.029785156,0
32,32,784,IS,3200,48608,0,0.015136719,0
32,192,784,OS,11360,7366464,0,0.055610795,0
32,16,12544,OS,37664,157339392,0,0.062020372,0
32,32,784,OS,3200,1227744,0,0.055610795,0
32,192,784,WS,11360,299488,0,0.01554362,0
32,16,12544,WS,37664,376320,0,0.014648438,0
32,32,784,WS,3200,48608,0,0.015136719,0
32,192,784,RIS,11360,291648,0,0.015136719,0
32,16,12544,RIS,37664,765184,0,0.029785156,0
32,32,784,RIS,3200,48608,0,0.015136719,0
32,192,784,ROS,11360,7366464,0,0.055610795,0
32,16,12544,ROS,37664,157339392,0,0.062020372,0
32,32,784,ROS,3200,1227744,0,0.055610795,0
32,192,784,RWS,11360,299488,0,0.01554362,0
32,16,12544,RWS,37664,376320,0,0.014648438,0
32,32,784,RWS,3200,48608,0,0.015136719,0
64,128,3136,IS,38144,1580544,0,0.015380859,0
64,64,2916,IS,23680,737856,0,0.015444155,0
64,80,5329,IS,48416,3372064,0,0.030897272,0
64,384,196,IS,7360,314496,0,0.016322545,0
64,64,196,IS,1920,52416,0,0.016322545,0
64,64,3136,IS,25344,790272,0,0.015380859,0
64,256,3136,IS,63744,3161088,0,0.015380859,0
64,64,64,IS,25344,790272,0,0.015380859,0
64,128,3136,OS,38144,78650880,0,0.058875451,0
64,64,2916,OS,23680,34140480,0,0.058860117,0
64,80,5329,OS,48416,142364160,0,0.060484935,0
64,384,196,OS,7360,973440,0,0.03333421,0
64,64,196,OS,1920,162240,0,0.03333421,0
64,64,3136,OS,25344,39325440,0,0.058875451,0
64,256,3136,OS,63744,157301760,0,0.058875451,0
64,64,64,OS,25344,39325440,0,0.058875451,0
64,128,3136,WS,38144,1593088,0,0.01550293,0
64,64,2916,WS,23680,737856,0,0.015444155,0
64,80,5329,WS,48416,1688704,0,0.015473119,0
64,384,196,WS,7360,318656,0,0.016538451,0
64,64,196,WS,1920,52416,0,0.016322545,0
64,64,3136,WS,25344,790272,0,0.015380859,0
64,256,3136,WS,63744,3198720,0,0.015563965,0
64,64,64,WS,25344,790272,0,0.015380859,0
64,128,3136,RIS,38144,1580544,0,0.015380859,0
64,64,2916,RIS,23680,737856,0,0.015444155,0
64,80,5329,RIS,48416,3372064,0,0.030897272,0
64,384,196,RIS,7360,314496,0,0.016322545,0
64,64,196,RIS,1920,52416,0,0.016322545,0
64,64,3136,RIS,25344,790272,0,0.015380859,0
64,256,3136,RIS,63744,3161088,0,0.015380859,0
64,64,64,RIS,25344,790272,0,0.015380859,0
64,128,3136,ROS,38144,78650880,0,0.058875451,0
64,64,2916,ROS,23680,34140480,0,0.058860117,0
64,80,5329,ROS,48416,142364160,0,0.060484935,0
64,384,196,ROS,7360,973440,0,0.03333421,0
64,64,196,ROS,1920,162240,0,0.03333421,0
64,64,3136,ROS,25344,39325440,0,0.058875451,0
64,256,3136,ROS,63744,157301760,0,0.058875451,0
64,64,64,ROS,25344,39325440,0,0.058875451,0
64,128,3136,RWS,38144,1593088,0,0.01550293,0
64,64,2916,RWS,23680,737856,0,0.015444155,0
64,80,5329,RWS,48416,1688704,0,0.015473119,0
64,384,196,RWS,7360,318656,0,0.016538451,0
64,64,196,RWS,1920,52416,0,0.016322545,0
64,64,3136,RWS,25344,790272,0,0.015380859,0
64,256,3136,RWS,63744,3198720,0,0.015563965,0
64,64,64,RWS,25344,790272,0,0.015380859,0
96,96,196,IS,3072,118560,0,0.016408907,0
96,576,196,IS,12192,711360,0,0.016408907,0
96,128,3136,IS,44672,2383360,0,0.01546224,0
96,24,3136,IS,23712,446880,0,0.01546224,0
96,96,196,OS,3072,243360,0,0.026722466,0
96,576,196,OS,12192,22794048,0,0.417155085,0
96,128,3136,OS,44672,78650880,0,0.057224737,0
96,24,3136,OS,23712,14747040,0,0.057224737,0
96,96,196,WS,3072,118560,0,0.016408907,0
96,576,196,WS,12192,717600,0,0.016552845,0
96,128,3136,WS,44672,2389632,0,0.01550293,0
96,24,3136,WS,23712,432768,0,0.014973958,0
96,96,196,RIS,3072,118560,0,0.016408907,0
96,576,196,RIS,12192,711360,0,0.016408907,0
96,128,3136,RIS,44672,2383360,0,0.01546224,0
96,24,3136,RIS,23712,446880,0,0.01546224,0
96,96,196,ROS,3072,243360,0,0.026722466,0
96,576,196,ROS,12192,22794048,0,0.417155085,0
96,128,3136,ROS,44672,78650880,0,0.057224737,0
96,24,3136,ROS,23712,14747040,0,0.057224737,0
96,96,196,RWS,3072,118560,0,0.016408907,0
96,576,196,RWS,12192,717600,0,0.016552845,0
96,128,3136,RWS,44672,2389632,0,0.01550293,0
96,24,3136,RWS,23712,432768,0,0.014973958,0
100,100,100,IS,25104,376320,0,0.029296875,0
100,100,100,OS,25104,157339392,0,0.06225679,0
100,100,100,WS,25104,188160,0,0.014648438,0
100,100,100,ROS,25104,157339392,0,0.06225679,0
100,100,100,RWS,25104,188160,0,0.014648438,0
100,100,100,RIS,25104,376320,0,0.029296875,0
100,100,100,RIS,25104,376320,0,0.029296875,0
100,100,100,ROS,25104,157339392,0,0.06225679,0
100,100,100,RWS,25104,188160,0,0.014648438,0
100,100,100,RROS,25104,157339392,0,0.06225679,0
100,100,100,RRWS,25104,188160,0,0.014648438,0
100,100,100,RRIS,25104,376320,0,0.029296875,0
116,116,784,IS,12296,653660,0,0.015490302,0
116,116,784,OS,12296,4450572,0,0.043231007,0
116,116,784,WS,12296,653660,0,0.015490302,0
116,116,784,RIS,12296,653660,0,0.015490302,0
116,116,784,ROS,12296,4450572,0,0.043231007,0
116,116,784,RWS,12296,653660,0,0.015490302,0
128,128,3136,IS,51200,3186176,0,0.01550293,0
128,128,784,IS,13568,796544,0,0.01550293,0
128,512,784,IS,35456,3186176,0,0.01550293,0
128,128,3136,OS,51200,78650880,0,0.055664063,0
128,128,784,OS,13568,4910976,0,0.041898545,0
128,512,784,OS,35456,71020032,0,0.151478849,0
128,128,3136,WS,51200,3186176,0,0.01550293,0
128,128,784,WS,13568,796544,0,0.01550293,0
128,512,784,WS,35456,3204992,0,0.015594482,0
128,128,3136,RIS,51200,3186176,0,0.01550293,0
128,128,784,RIS,13568,796544,0,0.01550293,0
128,512,784,RIS,35456,3186176,0,0.01550293,0
128,128,3136,ROS,51200,78650880,0,0.055664063,0
128,128,784,ROS,13568,4910976,0,0.041898545,0
128,512,784,ROS,35456,71020032,0,0.151478849,0
128,128,3136,RWS,51200,3186176,0,0.01550293,0
128,128,784,RWS,13568,796544,0,0.01550293,0
128,512,784,RWS,35456,3204992,0,0.015594482,0
144,32,784,IS,8912,224224,0,0.015516493,0
144,24,3136,IS,33216,672672,0,0.015516493,0
144,32,784,OS,8912,1227744,0,0.040244655,0
144,24,3136,OS,33216,14747040,0,0.054915219,0
144,32,784,WS,8912,218736,0,0.015136719,0
144,24,3136,WS,33216,649152,0,0.014973958,0
144,32,784,RIS,8912,224224,0,0.015516493,0
144,24,3136,RIS,33216,672672,0,0.015516493,0
144,32,784,ROS,8912,1227744,0,0.040244655,0
144,24,3136,ROS,33216,14747040,0,0.054915219,0
144,32,784,RWS,8912,218736,0,0.015136719,0
144,24,3136,RWS,33216,649152,0,0.014973958,0
147,64,47524,IS,627469,55275455,0,0.030907369,0
147,147,50176,IS,923454,134609664,0,0.031037415,0
147,147,47524,IS,874944,127527204,0,0.031045252,0
147,64,50176,IS,662284,58345280,0,0.030899567,0
147,64,47524,OS,627469,9036213312,0,0.061939695,0
147,147,50176,OS,923454,23130273600,0,0.061954235,0
147,147,47524,OS,874944,20755052451,0,0.061939695,0
147,64,50176,OS,662284,10070323200,0,0.061954235,0
147,64,47524,WS,627469,27514431,0,0.015384743,0
147,147,50176,WS,923454,67304832,0,0.015518707,0
147,147,47524,WS,874944,63763602,0,0.015522626,0
147,64,50176,WS,662284,29042496,0,0.015380859,0
147,64,47524,RIS,627469,55275455,0,0.030907369,0
147,147,50176,RIS,923454,134609664,0,0.031037415,0
147,147,47524,RIS,874944,127527204,0,0.031045252,0
147,64,50176,RIS,662284,58345280,0,0.030899567,0
147,64,47524,ROS,627469,9036213312,0,0.061939695,0
147,147,50176,ROS,923454,23130273600,0,0.061954235,0
147,147,47524,ROS,874944,20755052451,0,0.061939695,0
147,64,50176,ROS,662284,10070323200,0,0.061954235,0
147,64,47524,RWS,627469,27514431,0,0.015384743,0
147,147,50176,RWS,923454,67304832,0,0.015518707,0
147,147,47524,RWS,874944,63763602,0,0.015522626,0
147,64,50176,RWS,662284,29042496,0,0.015380859,0
160,128,784,IS,15392,997248,0,0.015527344,0
160,128,3136,IS,57728,3988992,0,0.015527344,0
160,960,49,IS,14080,610560,0,0.020280612,0
160,160,49,IS,2880,101760,0,0.020280612,0
160,128,784,OS,15392,4910976,0,0.038716377,0
160,128,3136,OS,57728,78650880,0,0.054186256,0
160,960,49,OS,6976,2442240,0,0.264889629,0
160,160,49,OS,1326,30720,0,0.01999167,0
160,128,784,WS,15392,995680,0,0.01550293,0
160,128,3136,WS,57728,3982720,0,0.01550293,0
160,960,49,WS,14080,613760,0,0.020386905,0
160,160,49,WS,2880,101760,0,0.020280612,0
160,128,784,RIS,15392,997248,0,0.015527344,0
160,128,3136,RIS,57728,3988992,0,0.015527344,0
160,960,49,RIS,14080,610560,0,0.020280612,0
160,160,49,RIS,2880,101760,0,0.020280612,0
160,128,784,ROS,15392,4910976,0,0.038716377,0
160,128,3136,ROS,57728,78650880,0,0.054186256,0
160,960,49,ROS,6976,2442240,0,0.264889629,0
160,160,49,ROS,1326,30720,0,0.01999167,0
160,128,784,RWS,15392,995680,0,0.01550293,0
160,128,3136,RWS,57728,3982720,0,0.01550293,0
160,960,49,RWS,14080,613760,0,0.020386905,0
160,160,49,RWS,2880,101760,0,0.020280612,0
192,64,676,IS,11776,525632,0,0.015819542,0
192,64,1225,IS,20480,941248,0,0.01563244,0
192,48,1225,IS,19056,705936,0,0.01563244,0
192,32,784,IS,11360,299488,0,0.01554362,0
192,32,676,IS,10016,262816,0,0.015819542,0
192,32,1225,IS,17632,470624,0,0.01563244,0
192,128,784,IS,17216,1197952,0,0.01554362,0
192,96,676,IS,13536,788448,0,0.015819542,0
192,128,3136,IS,64256,4791808,0,0.01554362,0
192,64,196,IS,4096,158912,0,0.01649527,0
192,192,676,IS,18816,1576896,0,0.015819542,0
192,16,676,IS,9136,131408,0,0.015819542,0
192,64,676,OS,11776,1857600,0,0.034294242,0
192,64,1225,OS,20480,6031872,0,0.042719124,0
192,48,1225,OS,19056,4523904,0,0.042719124,0
192,32,784,OS,11360,1227744,0,0.035983456,0
192,32,676,OS,10016,928800,0,0.034294242,0
192,32,1225,OS,17632,3015936,0,0.042719124,0
192,128,784,OS,17216,4910976,0,0.035983456,0
192,96,676,OS,13536,2786400,0,0.034294242,0
192,128,3136,OS,64256,78650880,0,0.052784887,0
192,64,196,OS,4096,162240,0,0.016753463,0
192,192,676,OS,18816,5572800,0,0.034294242,0
192,16,676,OS,9136,464400,0,0.034294242,0
192,64,676,WS,11776,520128,0,0.015653892,0
192,64,1225,WS,20480,931392,0,0.01546875,0
192,48,1225,WS,19056,694848,0,0.015386905,0
192,32,784,WS,11360,291648,0,0.015136719,0
192,32,676,WS,10016,255936,0,0.015405418,0
192,32,1225,WS,17632,458304,0,0.015223214,0
192,128,784,WS,17216,1194816,0,0.01550293,0
192,96,676,WS,13536,784320,0,0.015736717,0
192,128,3136,WS,64256,4779264,0,0.01550293,0
192,64,196,WS,4096,157248,0,0.016322545,0
192,192,676,WS,18816,1576896,0,0.015819542,0
192,16,676,WS,9136,123840,0,0.014908469,0
192,64,676,RIS,11776,525632,0,0.015819542,0
192,64,1225,RIS,20480,941248,0,0.01563244,0
192,48,1225,RIS,19056,705936,0,0.01563244,0
192,32,784,RIS,11360,299488,0,0.01554362,0
192,32,676,RIS,10016,262816,0,0.015819542,0
192,32,1225,RIS,17632,470624,0,0.01563244,0
192,128,784,RIS,17216,1197952,0,0.01554362,0
192,96,676,RIS,13536,788448,0,0.015819542,0
192,128,3136,RIS,64256,4791808,0,0.01554362,0
192,64,196,RIS,4096,158912,0,0.01649527,0
192,192,676,RIS,18816,1576896,0,0.015819542,0
192,16,676,RIS,9136,131408,0,0.015819542,0
192,64,676,ROS,11776,1857600,0,0.034294242,0
192,64,1225,ROS,20480,6031872,0,0.042719124,0
192,48,1225,ROS,19056,4523904,0,0.042719124,0
192,32,784,ROS,11360,1227744,0,0.035983456,0
192,32,676,ROS,10016,928800,0,0.034294242,0
192,32,1225,ROS,17632,3015936,0,0.042719124,0
192,128,784,ROS,17216,4910976,0,0.035983456,0
192,96,676,ROS,13536,2786400,0,0.034294242,0
192,128,3136,ROS,64256,78650880,0,0.052784887,0
192,64,196,ROS,4096,162240,0,0.016753463,0
192,192,676,ROS,18816,5572800,0,0.034294242,0
192,16,676,ROS,9136,464400,0,0.034294242,0
192,64,676,RWS,11776,520128,0,0.015653892,0
192,64,1225,RWS,20480,931392,0,0.01546875,0
192,48,1225,RWS,19056,694848,0,0.015386905,0
192,32,784,RWS,11360,291648,0,0.015136719,0
192,32,676,RWS,10016,255936,0,0.015405418,0
192,32,1225,RWS,17632,458304,0,0.015223214,0
192,128,784,RWS,17216,1194816,0,0.01550293,0
192,96,676,RWS,13536,784320,0,0.015736717,0
192,128,3136,RWS,64256,4779264,0,0.01550293,0
192,64,196,RWS,4096,157248,0,0.016322545,0
192,192,676,RWS,18816,1576896,0,0.015819542,0
192,16,676,RWS,9136,123840,0,0.014908469,0
224,128,784,IS,19040,1398656,0,0.015555246,0
224,128,3136,IS,70784,5594624,0,0.015555246,0
224,128,784,OS,19040,4910976,0,0.03361092,0
224,128,3136,OS,70784,78650880,0,0.051454175,0
224,128,784,WS,19040,1393952,0,0.01550293,0
224,128,3136,WS,70784,5575808,0,0.01550293,0
224,128,784,RIS,19040,1398656,0,0.015555246,0
224,128,3136,RIS,70784,5594624,0,0.015555246,0
224,128,784,ROS,19040,4910976,0,0.03361092,0
224,128,3136,ROS,70784,78650880,0,0.051454175,0
224,128,784,RWS,19040,1393952,0,0.01550293,0
224,128,3136,RWS,70784,5575808,0,0.01550293,0
232,232,196,IS,9512,696696,0,0.01651016,0
232,232,784,IS,26216,2626008,0,0.015557651,0
232,232,196,OS,8504,588120,0,0.016497032,0
232,232,784,OS,26216,8901144,0,0.033065878,0
232,232,196,WS,9512,696696,0,0.01651016,0
232,232,784,WS,26216,2626008,0,0.015557651,0
232,232,196,RIS,9512,696696,0,0.01651016,0
232,232,784,RIS,26216,2626008,0,0.015557651,0
232,232,196,ROS,8504,588120,0,0.016497032,0
232,232,784,ROS,26216,8901144,0,0.033065878,0
232,232,196,RWS,9512,696696,0,0.01651016,0
232,232,784,RWS,26216,2626008,0,0.015557651,0
256,48,1225,IS,24176,942480,0,0.015652902,0
256,64,676,IS,14784,701760,0,0.015840248,0
256,128,676,IS,18560,1403520,0,0.015840248,0
256,1024,196,IS,33024,3394560,0,0.016516861,0
256,256,676,IS,26112,2807040,0,0.015840248,0
256,32,676,IS,12896,350880,0,0.015840248,0
256,64,1225,IS,25664,1256640,0,0.015652902,0
256,512,3136,IS,158720,25589760,0,0.015563965,0
256,128,3136,IS,77312,6397440,0,0.015563965,0
256,128,196,IS,7040,424320,0,0.016516861,0
256,64,3136,IS,63744,3198720,0,0.015563965,0
256,128,784,IS,20864,1599360,0,0.015563965,0
256,48,1225,OS,24176,4523904,0,0.038603684,0
256,64,676,OS,14784,1857600,0,0.029734342,0
256,128,676,OS,18560,3715200,0,0.029734342,0
256,1024,196,OS,28404,41770752,0,0.26546068,0
256,256,676,OS,26112,7430400,0,0.029734342,0
256,32,676,OS,12896,928800,0,0.029734342,0
256,64,1225,OS,25664,6031872,0,0.038603684,0
256,512,3136,OS,158720,725637120,0,0.115761372,0
256,128,3136,OS,77312,78650880,0,0.050188909,0
256,128,196,OS,5780,324480,0,0.016497032,0
256,64,3136,OS,63744,39325440,0,0.050188909,0
256,128,784,OS,20864,4910976,0,0.031531894,0
256,48,1225,WS,24176,15978496,0,0.26537415,0
256,64,676,WS,14784,11768064,0,0.265630778,0
256,128,676,WS,18560,23547136,0,0.265755016,0
256,1024,196,WS,33024,54768384,0,0.26648572,0
256,256,676,WS,26112,47105280,0,0.265817134,0
256,32,676,WS,12896,5878528,0,0.265382304,0
256,64,1225,WS,25664,21311232,0,0.265455995,0
256,512,3136,WS,158720,436673536,0,0.2655895,0
256,128,3136,WS,77312,109130752,0,0.265497947,0
256,128,196,WS,7040,6843136,0,0.266372369,0
256,64,3136,WS,63744,54540288,0,0.265375877,0
256,128,784,WS,20864,27281152,0,0.265483,0
256,48,1225,RIS,24176,942480,0,0.015652902,0
256,64,676,RIS,14784,701760,0,0.015840248,0
256,128,676,RIS,18560,1403520,0,0.015840248,0
256,1024,196,RIS,33024,3394560,0,0.016516861,0
256,256,676,RIS,26112,2807040,0,0.015840248,0
256,32,676,RIS,12896,350880,0,0.015840248,0
256,64,1225,RIS,25664,1256640,0,0.015652902,0
256,512,3136,RIS,158720,25589760,0,0.015563965,0
256,128,3136,RIS,77312,6397440,0,0.015563965,0
256,128,196,RIS,7040,424320,0,0.016516861,0
256,64,3136,RIS,63744,3198720,0,0.015563965,0
256,128,784,RIS,20864,1599360,0,0.015563965,0
256,48,1225,ROS,24176,4523904,0,0.038603684,0
256,64,676,ROS,14784,1857600,0,0.029734342,0
256,128,676,ROS,18560,3715200,0,0.029734342,0
256,1024,196,ROS,28404,41770752,0,0.26546068,0
256,256,676,ROS,26112,7430400,0,0.029734342,0
256,32,676,ROS,12896,928800,0,0.029734342,0
256,64,1225,ROS,25664,6031872,0,0.038603684,0
256,512,3136,ROS,158720,725637120,0,0.115761372,0
256,128,3136,ROS,77312,78650880,0,0.050188909,0
256,128,196,ROS,5780,324480,0,0.016497032,0
256,64,3136,ROS,63744,39325440,0,0.050188909,0
256,128,784,ROS,20864,4910976,0,0.031531894,0
256,48,1225,RWS,24176,15978496,0,0.26537415,0
256,64,676,RWS,14784,11768064,0,0.265630778,0
256,128,676,RWS,18560,23547136,0,0.265755016,0
256,1024,196,RWS,33024,54768384,0,0.26648572,0
256,256,676,RWS,26112,47105280,0,0.265817134,0
256,32,676,RWS,12896,5878528,0,0.265382304,0
256,64,1225,RWS,25664,21311232,0,0.265455995,0
256,512,3136,RWS,158720,436673536,0,0.2655895,0
256,128,3136,RWS,77312,109130752,0,0.265497947,0
256,128,196,RWS,7040,6843136,0,0.266372369,0
256,64,3136,RWS,63744,54540288,0,0.265375877,0
256,128,784,RWS,20864,27281152,0,0.265483,0
288,32,21609,IS,432896,24469312,0,0.030717413,0
288,64,1225,IS,28256,1414336,0,0.015659722,0
288,288,21025,IS,762624,217385280,0,0.031163711,0
288,128,196,IS,7712,477568,0,0.016524058,0
288,64,21025,IS,464032,48013280,0,0.030973688,0
288,128,784,IS,22688,1800064,0,0.015570747,0
288,48,1225,IS,26736,1060752,0,0.015659722,0
288,32,21609,OS,432896,934157056,0,0.060113802,0
288,64,1225,OS,28256,6031872,0,0.036829652,0
288,288,21025,OS,762624,7962209280,0,0.06007298,0
288,128,196,OS,5780,324480,0,0.016497032,0
288,64,21025,OS,464032,1769379840,0,0.06007298,0
288,128,784,OS,22688,4910976,0,0.029695085,0
288,48,1225,OS,26736,4523904,0,0.036829652,0
288,32,21609,WS,432896,397907424,0,0.499510837,0
288,64,1225,WS,28256,45135072,0,0.499741709,0
288,288,21025,WS,762624,3487411296,0,0.499944965,0
288,128,196,WS,7712,14444640,0,0.499790737,0
288,64,21025,WS,464032,774685728,0,0.499754942,0
288,128,784,WS,22688,57786336,0,0.499858,0
288,48,1225,WS,26736,33845760,0,0.499659864,0
288,32,21609,RIS,432896,24469312,0,0.030717413,0
288,64,1225,RIS,28256,1414336,0,0.015659722,0
288,288,21025,RIS,762624,217385280,0,0.031163711,0
288,128,196,RIS,7712,477568,0,0.016524058,0
288,64,21025,RIS,464032,48013280,0,0.030973688,0
288,128,784,RIS,22688,1800064,0,0.015570747,0
288,48,1225,RIS,26736,1060752,0,0.015659722,0
288,32,21609,ROS,432896,934157056,0,0.060113802,0
288,64,1225,ROS,28256,6031872,0,0.036829652,0
288,288,21025,ROS,762624,7962209280,0,0.06007298,0
288,128,196,ROS,5780,324480,0,0.016497032,0
288,64,21025,ROS,464032,1769379840,0,0.06007298,0
288,128,784,ROS,22688,4910976,0,0.029695085,0
288,48,1225,ROS,26736,4523904,0,0.036829652,0
288,32,21609,RWS,432896,397907424,0,0.499510837,0
288,64,1225,RWS,28256,45135072,0,0.499741709,0
288,288,21025,RWS,762624,3487411296,0,0.499944965,0
288,128,196,RWS,7712,14444640,0,0.499790737,0
288,64,21025,RWS,464032,774685728,0,0.499754942,0
288,128,784,RWS,22688,57786336,0,0.499858,0
288,48,1225,RWS,26736,33845760,0,0.499659864,0
320,1280,49,IS,32000,1633280,0,0.020344388,0
320,128,196,IS,8384,530816,0,0.016529815,0
320,128,784,IS,24512,2000768,0,0.015576172,0
320,1280,49,OS,9236,3256320,0,0.264889629,0
320,128,196,OS,5780,324480,0,0.016497032,0
320,128,784,OS,24512,4910976,0,0.028060493,0
320,1280,49,WS,32000,40113920,0,0.499665179,0
320,128,196,WS,8384,16049600,0,0.499790737,0
320,128,784,WS,24512,64207040,0,0.499858,0
320,1280,49,RIS,32000,1633280,0,0.020344388,0
320,128,196,RIS,8384,530816,0,0.016529815,0
320,128,784,RIS,24512,2000768,0,0.015576172,0
320,1280,49,ROS,9236,3256320,0,0.264889629,0
320,128,196,ROS,5780,324480,0,0.016497032,0
320,128,784,ROS,24512,4910976,0,0.028060493,0
320,1280,49,RWS,32000,40113920,0,0.499665179,0
320,128,196,RWS,8384,16049600,0,0.499790737,0
320,128,784,RWS,24512,64207040,0,0.499858,0
352,128,784,IS,26336,2201472,0,0.015580611,0
352,128,196,IS,9056,584064,0,0.016534526,0
352,128,784,OS,26336,4910976,0,0.026596467,0
352,128,196,OS,5780,324480,0,0.016497032,0
352,128,784,WS,26336,70627744,0,0.499858,0
352,128,196,WS,9056,17654560,0,0.499790737,0
352,128,784,RIS,26336,2201472,0,0.015580611,0
352,128,196,RIS,9056,584064,0,0.016534526,0
352,128,784,ROS,26336,4910976,0,0.026596467,0
352,128,196,ROS,5780,324480,0,0.016497032,0
352,128,784,RWS,26336,70627744,0,0.499858,0
352,128,196,RWS,9056,17654560,0,0.499790737,0
384,64,196,IS,7360,318656,0,0.016538451,0
384,128,196,IS,9728,637312,0,0.016538451,0
384,128,784,IS,28160,2402176,0,0.01558431,0
384,96,196,IS,8544,477984,0,0.016538451,0
384,64,196,OS,4164,162240,0,0.016497032,0
384,128,196,OS,5780,324480,0,0.016497032,0
384,128,784,OS,28160,4910976,0,0.025277634,0
384,96,196,OS,4972,243360,0,0.016497032,0
384,64,196,WS,7360,9627264,0,0.499661193,0
384,128,196,WS,9728,19259520,0,0.499790737,0
384,128,784,WS,28160,77048448,0,0.499858,0
384,96,196,WS,8544,14443392,0,0.499747555,0
384,64,196,RIS,7360,318656,0,0.016538451,0
384,128,196,RIS,9728,637312,0,0.016538451,0
384,128,784,RIS,28160,2402176,0,0.01558431,0
384,96,196,RIS,8544,477984,0,0.016538451,0
384,64,196,ROS,4164,162240,0,0.016497032,0
384,128,196,ROS,5780,324480,0,0.016497032,0
384,128,784,ROS,28160,4910976,0,0.025277634,0
384,96,196,ROS,4972,243360,0,0.016497032,0
384,64,196,RWS,7360,9627264,0,0.499661193,0
384,128,196,RWS,9728,19259520,0,0.499790737,0
384,128,784,RWS,28160,77048448,0,0.499858,0
384,96,196,RWS,8544,14443392,0,0.499747555,0
400,48,64,IS,2992,0,0,0,0
400,32,484,IS,14192,395808,0,0.015972366,0
400,48,64,OS,640,0,0,0,0
400,32,484,OS,14192,479136,0,0.018370517,0
400,48,64,WS,2992,2454800,0,0.499430339,0
400,32,484,WS,14192,12377200,0,0.49946733,0
400,48,64,RIS,2992,0,0,0,0
400,32,484,RIS,14192,395808,0,0.015972366,0
400,48,64,ROS,640,0,0,0,0
400,32,484,ROS,14192,479136,0,0.018370517,0
400,48,64,RWS,2992,2454800,0,0.499430339,0
400,32,484,RWS,14192,12377200,0,0.49946733,0
416,128,784,IS,29984,2602880,0,0.01558744,0
416,128,196,IS,10400,690560,0,0.016541773,0
416,128,784,OS,29984,4910976,0,0.024083415,0
416,128,196,OS,5780,324480,0,0.016497032,0
416,128,784,WS,29984,83469152,0,0.499858,0
416,128,196,WS,10400,20864480,0,0.499790737,0
416,128,784,RIS,29984,2602880,0,0.01558744,0
416,128,196,RIS,10400,690560,0,0.016541773,0
416,128,784,ROS,29984,4910976,0,0.024083415,0
416,128,196,ROS,5780,324480,0,0.016497032,0
416,128,784,RWS,29984,83469152,0,0.499858,0
416,128,196,RWS,10400,20864480,0,0.499790737,0
448,128,784,IS,31808,2803584,0,0.015590123,0
448,128,196,IS,11072,743808,0,0.01654462,0
448,128,784,OS,31808,4910976,0,0.022996945,0
448,128,196,OS,5780,324480,0,0.016497032,0
448,128,784,WS,31808,89889856,0,0.499858,0
448,128,196,WS,11072,22469440,0,0.499790737,0
448,128,784,RIS,31808,2803584,0,0.015590123,0
448,128,196,RIS,11072,743808,0,0.01654462,0
448,128,784,ROS,31808,4910976,0,0.022996945,0
448,128,196,ROS,5780,324480,0,0.016497032,0
448,128,784,RWS,31808,89889856,0,0.499858,0
448,128,196,RWS,11072,22469440,0,0.499790737,0
464,464,196,IS,25520,2792816,0,0.016545896,0
464,464,49,IS,17168,859328,0,0.02036418,0
464,464,196,OS,14264,1176240,0,0.016497032,0
464,464,49,OS,3473,89088,0,0.01999167,0
464,464,196,WS,25520,84376544,0,0.499884544,0
464,464,49,WS,17168,21083696,0,0.499637139,0
464,464,196,RIS,25520,2792816,0,0.016545896,0
464,464,49,RIS,17168,859328,0,0.02036418,0
464,464,196,ROS,14264,1176240,0,0.016497032,0
464,464,49,ROS,3473,89088,0,0.01999167,0
464,464,196,RWS,25520,84376544,0,0.499884544,0
464,464,49,RWS,17168,21083696,0,0.499637139,0
480,64,144,IS,6816,275904,0,0.015592448,0
480,128,196,IS,11744,797056,0,0.016547088,0
480,128,784,IS,33632,3004288,0,0.015592448,0
480,480,144,IS,23040,2069280,0,0.015592448,0
480,16,144,IS,4944,0,0,0,0
480,96,144,IS,8064,413856,0,0.015592448,0
480,192,144,IS,11808,827712,0,0.015592448,0
480,64,144,OS,2448,82368,0,0.015516493,0
480,128,196,OS,5780,324480,0,0.016497032,0
480,128,784,OS,33632,4910976,0,0.022004272,0
480,480,144,OS,9936,617760,0,0.015516493,0
480,16,144,OS,1584,0,0,0,0
480,96,144,OS,3024,123552,0,0.015516493,0
480,192,144,OS,4752,247104,0,0.015516493,0
480,64,144,WS,6816,8841120,0,0.499647352,0
480,128,196,WS,11744,24074400,0,0.499790737,0
480,128,784,WS,33632,96310560,0,0.499858,0
480,480,144,WS,23040,66336480,0,0.499858941,0
480,16,144,WS,4944,2207040,0,0.498914931,0
480,96,144,WS,8064,13263840,0,0.499728733,0
480,192,144,WS,11808,26532000,0,0.499810113,0
480,64,144,RIS,6816,275904,0,0.015592448,0
480,128,196,RIS,11744,797056,0,0.016547088,0
480,128,784,RIS,33632,3004288,0,0.015592448,0
480,480,144,RIS,23040,2069280,0,0.015592448,0
480,16,144,RIS,4944,0,0,0,0
480,96,144,RIS,8064,413856,0,0.015592448,0
480,192,144,RIS,11808,827712,0,0.015592448,0
480,64,144,ROS,2448,82368,0,0.015516493,0
480,128,196,ROS,5780,324480,0,0.016497032,0
480,128,784,ROS,33632,4910976,0,0.022004272,0
480,480,144,ROS,9936,617760,0,0.015516493,0
480,16,144,ROS,1584,0,0,0,0
480,96,144,ROS,3024,123552,0,0.015516493,0
480,192,144,ROS,4752,247104,0,0.015516493,0
480,64,144,RWS,6816,8841120,0,0.499647352,0
480,128,196,RWS,11744,24074400,0,0.499790737,0
480,128,784,RWS,33632,96310560,0,0.499858,0
480,480,144,RWS,23040,66336480,0,0.499858941,0
480,16,144,RWS,4944,2207040,0,0.498914931,0
480,96,144,RWS,8064,13263840,0,0.499728733,0
480,192,144,RWS,11808,26532000,0,0.499810113,0
512,24,144,IS,5848,0,0,0,0
512,256,784,IS,45824,6409984,0,0.015594482,0
512,2048,49,IS,75776,4186112,0,0.020368304,0
512,112,144,IS,9200,515088,0,0.015594482,0
512,128,9,IS,4736,0,0,0,0
512,1024,784,IS,108032,25639936,0,0.015594482,0
512,144,144,IS,10512,662256,0,0.015594482,0
512,160,144,IS,11168,735840,0,0.015594482,0
512,512,144,IS,25600,2354688,0,0.015594482,0
512,64,144,IS,7232,294336,0,0.015594482,0
512,32,144,IS,5920,0,0,0,0
512,128,49,IS,6656,261632,0,0.020368304,0
512,128,784,IS,35456,3204992,0,0.015594482,0
512,128,196,IS,12416,850304,0,0.016549247,0
512,128,144,IS,9856,588672,0,0.015594482,0
512,24,144,OS,1800,0,0,0,0
512,256,784,OS,45824,9821952,0,0.02109375,0
512,2048,49,OS,14660,5210112,0,0.264889629,0
512,112,144,OS,3312,144144,0,0.015516493,0
512,128,9,OS,209,0,0,0,0
512,1024,784,OS,108032,655014912,0,0.351679605,0
512,144,144,OS,3888,185328,0,0.015516493,0
512,160,144,OS,4176,205920,0,0.015516493,0
512,512,144,OS,10512,11271168,0,0.265407986,0
512,64,144,OS,2448,82368,0,0.015516493,0
512,32,144,OS,1872,0,0,0,0
512,128,49,OS,1100,24576,0,0.01999167,0
512,128,784,OS,35456,4910976,0,0.02109375,0
512,128,196,OS,5780,324480,0,0.016497032,0
512,128,144,OS,3600,164736,0,0.015516493,0
512,24,144,WS,5848,3533312,0,0.499204282,0
512,256,784,WS,45824,205487616,0,0.499919035,0
512,2048,49,WS,75776,102692864,0,0.499671158,0
512,112,144,WS,9200,16506880,0,0.499751984,0
512,128,9,WS,4736,1175040,0,0.498046875,0
512,1024,784,WS,108032,822025728,0,0.499964811,0
512,144,144,WS,10512,21224448,0,0.499782986,0
512,160,144,WS,11168,23583232,0,0.499793837,0
512,512,144,WS,25600,75476480,0,0.499860975,0
512,64,144,WS,7232,9430528,0,0.499647352,0
512,32,144,WS,5920,4712960,0,0.499403212,0
512,128,49,WS,6656,6416384,0,0.499521684,0
512,128,784,WS,35456,102731264,0,0.499858,0
512,128,196,WS,12416,25679360,0,0.499790737,0
512,128,144,WS,9856,18865664,0,0.499769423,0
512,24,144,RIS,5848,0,0,0,0
512,256,784,RIS,45824,6409984,0,0.015594482,0
512,2048,49,RIS,75776,4186112,0,0.020368304,0
512,112,144,RIS,9200,515088,0,0.015594482,0
512,128,9,RIS,4736,0,0,0,0
512,1024,784,RIS,108032,25639936,0,0.015594482,0
512,144,144,RIS,10512,662256,0,0.015594482,0
512,160,144,RIS,11168,735840,0,0.015594482,0
512,512,144,RIS,25600,2354688,0,0.015594482,0
512,64,144,RIS,7232,294336,0,0.015594482,0
512,32,144,RIS,5920,0,0,0,0
512,128,49,RIS,6656,261632,0,0.020368304,0
512,128,784,RIS,35456,3204992,0,0.015594482,0
512,128,196,RIS,12416,850304,0,0.016549247,0
512,128,144,RIS,9856,588672,0,0.015594482,0
512,24,144,ROS,1800,0,0,0,0
512,256,784,ROS,45824,9821952,0,0.02109375,0
512,2048,49,ROS,14660,5210112,0,0.264889629,0
512,112,144,ROS,3312,144144,0,0.015516493,0
512,128,9,ROS,209,0,0,0,0
512,1024,784,ROS,108032,655014912,0,0.351679605,0
512,144,144,ROS,3888,185328,0,0.015516493,0
512,160,144,ROS,4176,205920,0,0.015516493,0
512,512,144,ROS,10512,11271168,0,0.265407986,0
512,64,144,ROS,2448,82368,0,0.015516493,0
512,32,144,ROS,1872,0,0,0,0
512,128,49,ROS,1100,24576,0,0.01999167,0
512,128,784,ROS,35456,4910976,0,0.02109375,0
512,128,196,ROS,5780,324480,0,0.016497032,0
512,128,144,ROS,3600,164736,0,0.015516493,0
512,24,144,RWS,5848,3533312,0,0.499204282,0
512,256,784,RWS,45824,205487616,0,0.499919035,0
512,2048,49,RWS,75776,102692864,0,0.499671158,0
512,112,144,RWS,9200,16506880,0,0.499751984,0
512,128,9,RWS,4736,1175040,0,0.498046875,0
512,1024,784,RWS,108032,822025728,0,0.499964811,0
512,144,144,RWS,10512,21224448,0,0.499782986,0
512,160,144,RWS,11168,23583232,0,0.499793837,0
512,512,144,RWS,25600,75476480,0,0.499860975,0
512,64,144,RWS,7232,9430528,0,0.499647352,0
512,32,144,RWS,5920,4712960,0,0.499403212,0
512,128,49,RWS,6656,6416384,0,0.499521684,0
512,128,784,RWS,35456,102731264,0,0.499858,0
512,128,196,RWS,12416,25679360,0,0.499790737,0
512,128,144,RWS,9856,18865664,0,0.499769423,0
528,32,144,IS,6096,0,0,0,0
528,256,144,IS,15504,1214208,0,0.015595407,0
528,128,144,IS,10128,607104,0,0.015595407,0
528,128,9,IS,4880,0,0,0,0
528,528,144,IS,26928,2504304,0,0.015595407,0
528,160,144,IS,11472,758880,0,0.015595407,0
528,32,144,OS,1872,0,0,0,0
528,256,144,OS,5904,329472,0,0.015516493,0
528,128,144,OS,3600,164736,0,0.015516493,0
528,128,9,OS,209,0,0,0,0
528,528,144,OS,10800,11623392,0,0.265407986,0
528,160,144,OS,4176,205920,0,0.015516493,0
528,32,144,WS,6096,4860240,0,0.499403212,0
528,256,144,WS,15504,38915184,0,0.499830458,0
528,128,144,WS,10128,19455216,0,0.499769423,0
528,128,9,WS,4880,1211760,0,0.498046875,0
528,528,144,WS,26928,80267616,0,0.4998619,0
528,160,144,WS,11472,24320208,0,0.499793837,0
528,32,144,RIS,6096,0,0,0,0
528,256,144,RIS,15504,1214208,0,0.015595407,0
528,128,144,RIS,10128,607104,0,0.015595407,0
528,128,9,RIS,4880,0,0,0,0
528,528,144,RIS,26928,2504304,0,0.015595407,0
528,160,144,RIS,11472,758880,0,0.015595407,0
528,32,144,ROS,1872,0,0,0,0
528,256,144,ROS,5904,329472,0,0.015516493,0
528,128,144,ROS,3600,164736,0,0.015516493,0
528,128,9,ROS,209,0,0,0,0
528,528,144,ROS,10800,11623392,0,0.265407986,0
528,160,144,ROS,4176,205920,0,0.015516493,0
528,32,144,RWS,6096,4860240,0,0.499403212,0
528,256,144,RWS,15504,38915184,0,0.499830458,0
528,128,144,RWS,10128,19455216,0,0.499769423,0
528,128,9,RWS,4880,1211760,0,0.498046875,0
528,528,144,RWS,26928,80267616,0,0.4998619,0
528,160,144,RWS,11472,24320208,0,0.499793837,0
544,128,196,IS,13088,903552,0,0.016551152,0
544,128,49,IS,7040,278016,0,0.020370648,0
544,128,196,OS,5780,324480,0,0.016497032,0
544,128,49,OS,1100,24576,0,0.01999167,0
544,128,196,WS,13088,27284320,0,0.499790737,0
544,128,49,WS,7040,6817408,0,0.499521684,0
544,128,196,RIS,13088,903552,0,0.016551152,0
544,128,49,RIS,7040,278016,0,0.020370648,0
544,128,196,ROS,5780,324480,0,0.016497032,0
544,128,49,ROS,1100,24576,0,0.01999167,0
544,128,196,RWS,13088,27284320,0,0.499790737,0
544,128,49,RWS,7040,6817408,0,0.499521684,0
576,576,49284,IS,3570048,2040854400,1020427200,0.031203342,0.015601671
576,64,2916,IS,119424,6734400,0,0.015662062,0
576,128,12100,IS,537536,111091264,0,0.031131647,0
576,160,49,IS,8704,368000,0,0.020372732,0
576,96,1089,IS,49824,3808800,0,0.01581272,0
576,128,196,IS,13760,956800,0,0.016552845,0
576,96,196,IS,12192,717600,0,0.016552845,0
576,576,2704,IS,215424,55972800,0,0.015597873,0
576,128,49,IS,7424,294400,0,0.020372732,0
576,192,2704,IS,136704,18657600,0,0.015597873,0
576,64,49284,IS,1974144,225184128,0,0.030986276,0
576,576,49284,OS,3570048,1.40E+12,87460371648,0.966830094,0.060396328
576,64,2916,OS,119424,34140480,0,0.039392171,0
576,128,12100,OS,537536,1172344704,0,0.054739473,0
576,160,49,OS,1326,30720,0,0.01999167,0
576,96,1089,OS,49824,7206912,0,0.02447165,0
576,128,196,OS,5780,324480,0,0.016497032,0
576,96,196,OS,4972,243360,0,0.016497032,0
576,576,2704,OS,215424,4267442880,0,0.618213941,0
576,128,49,OS,1100,24576,0,0.01999167,0
576,192,2704,OS,136704,87706944,0,0.038117667,0
576,64,49284,OS,1974144,9717819072,0,0.060396328,0
576,576,49284,WS,3570048,32700701376,1020427200,0.49997255,0.015601671
576,64,2916,WS,119424,214883136,0,0.499749496,0
576,128,12100,WS,537536,1783776960,0,0.499876517,0
576,160,49,WS,8704,9023616,0,0.499553571,0
576,96,1089,WS,49824,120391488,0,0.49982065,0
576,128,196,WS,13760,28889280,0,0.499790737,0
576,96,196,WS,12192,21665088,0,0.499747555,0
576,576,2704,WS,215424,1794126528,0,0.499967095,0
576,128,49,WS,7424,7218432,0,0.499521684,0
576,192,2704,WS,136704,597977280,0,0.499912841,0
576,64,49284,WS,1974144,3631833792,111803328,0.499755483,0.015384604
576,576,49284,RIS,3570048,2040854400,1020427200,0.031203342,0.015601671
576,64,2916,RIS,119424,6734400,0,0.015662062,0
576,128,12100,RIS,537536,111091264,0,0.031131647,0
576,160,49,RIS,8704,368000,0,0.020372732,0
576,96,1089,RIS,49824,3808800,0,0.01581272,0
576,128,196,RIS,13760,956800,0,0.016552845,0
576,96,196,RIS,12192,717600,0,0.016552845,0
576,576,2704,RIS,215424,55972800,0,0.015597873,0
576,128,49,RIS,7424,294400,0,0.020372732,0
576,192,2704,RIS,136704,18657600,0,0.015597873,0
576,64,49284,RIS,1974144,225184128,0,0.030986276,0
576,576,49284,ROS,3570048,1.40E+12,87460371648,0.966830094,0.060396328
576,64,2916,ROS,119424,34140480,0,0.039392171,0
576,128,12100,ROS,537536,1172344704,0,0.054739473,0
576,160,49,ROS,1326,30720,0,0.01999167,0
576,96,1089,ROS,49824,7206912,0,0.02447165,0
576,128,196,ROS,5780,324480,0,0.016497032,0
576,96,196,ROS,4972,243360,0,0.016497032,0
576,576,2704,ROS,215424,4267442880,0,0.618213941,0
576,128,49,ROS,1100,24576,0,0.01999167,0
576,192,2704,ROS,136704,87706944,0,0.038117667,0
576,64,49284,ROS,1974144,9717819072,0,0.060396328,0
576,576,49284,RWS,3570048,32700701376,1020427200,0.49997255,0.015601671
576,64,2916,RWS,119424,214883136,0,0.499749496,0
576,128,12100,RWS,537536,1783776960,0,0.499876517,0
576,160,49,RWS,8704,9023616,0,0.499553571,0
576,96,1089,RWS,49824,120391488,0,0.49982065,0
576,128,196,RWS,13760,28889280,0,0.499790737,0
576,96,196,RWS,12192,21665088,0,0.499747555,0
576,576,2704,RWS,215424,1794126528,0,0.499967095,0
576,128,49,RWS,7424,7218432,0,0.499521684,0
576,192,2704,RWS,136704,597977280,0,0.499912841,0
576,64,49284,RWS,1974144,3631833792,111803328,0.499755483,0.015384604
600,64,64,IS,5056,0,0,0,0
600,64,64,OS,768,0,0,0,0
600,64,64,WS,5056,4910400,0,0.499511719,0
600,64,64,RIS,5056,0,0,0,0
600,64,64,ROS,768,0,0,0,0
600,64,64,RWS,5056,4910400,0,0.499511719,0
608,128,196,IS,14432,1010048,0,0.01655436,0
608,128,49,IS,7808,310784,0,0.020374597,0
608,128,196,OS,5780,324480,0,0.016497032,0
608,128,49,OS,1100,24576,0,0.01999167,0
608,128,196,WS,14432,30494240,0,0.499790737,0
608,128,49,WS,7808,7619456,0,0.499521684,0
608,128,196,RIS,14432,1010048,0,0.01655436,0
608,128,49,RIS,7808,310784,0,0.020374597,0
608,128,196,ROS,5780,324480,0,0.016497032,0
608,128,49,ROS,1100,24576,0,0.01999167,0
608,128,196,RWS,14432,30494240,0,0.499790737,0
608,128,49,RWS,7808,7619456,0,0.499521684,0
640,128,196,IS,15104,1063296,0,0.016555724,0
640,128,49,IS,8192,327168,0,0.020376276,0
640,128,196,OS,5780,324480,0,0.016497032,0
640,128,49,OS,1100,24576,0,0.01999167,0
640,128,196,WS,15104,32099200,0,0.499790737,0
640,128,49,WS,8192,8020480,0,0.499521684,0
640,128,196,RIS,15104,1063296,0,0.016555724,0
640,128,49,RIS,8192,327168,0,0.020376276,0
640,128,196,ROS,5780,324480,0,0.016497032,0
640,128,49,ROS,1100,24576,0,0.01999167,0
640,128,196,RWS,15104,32099200,0,0.499790737,0
640,128,49,RWS,8192,8020480,0,0.499521684,0
672,128,49,IS,8576,343552,0,0.020377794,0
672,128,196,IS,15776,1116544,0,0.016556958,0
672,128,49,OS,1100,24576,0,0.01999167,0
672,128,196,OS,5780,324480,0,0.016497032,0
672,128,49,WS,8576,8421504,0,0.499521684,0
672,128,196,WS,15776,33704160,0,0.499790737,0
672,128,49,RIS,8576,343552,0,0.020377794,0
672,128,196,RIS,15776,1116544,0,0.016556958,0
672,128,49,ROS,1100,24576,0,0.01999167,0
672,128,196,ROS,5780,324480,0,0.016497032,0
672,128,49,RWS,8576,8421504,0,0.499521684,0
672,128,196,RWS,15776,33704160,0,0.499790737,0
704,128,49,IS,8960,359936,0,0.020379174,0
704,128,196,IS,16448,1169792,0,0.016558079,0
704,128,49,OS,1100,24576,0,0.01999167,0
704,128,196,OS,5780,324480,0,0.016497032,0
704,128,49,WS,8960,8822528,0,0.499521684,0
704,128,196,WS,16448,35309120,0,0.499790737,0
704,128,49,RIS,8960,359936,0,0.020379174,0
704,128,196,RIS,16448,1169792,0,0.016558079,0
704,128,49,ROS,1100,24576,0,0.01999167,0
704,128,196,ROS,5780,324480,0,0.016497032,0
704,128,49,RWS,8960,8822528,0,0.499521684,0
704,128,196,RWS,16448,35309120,0,0.499790737,0
720,192,5041,IS,296832,87079488,0,0.031239599,0
720,720,5041,IS,487440,327173760,0,0.031299456,0
720,192,5041,OS,296832,305786880,0,0.043874089,0
720,720,5041,OS,487440,18459478800,0,0.706280848,0
720,192,5041,WS,296832,1393499520,0,0.499915278,0
720,720,5041,WS,487440,5226248880,0,0.499975134,0
720,192,5041,RIS,296832,87079488,0,0.031239599,0
720,720,5041,RIS,487440,327173760,0,0.031299456,0
720,192,5041,ROS,296832,305786880,0,0.043874089,0
720,720,5041,ROS,487440,18459478800,0,0.706280848,0
720,192,5041,RWS,296832,1393499520,0,0.499915278,0
720,720,5041,RWS,487440,5226248880,0,0.499975134,0
736,128,49,IS,9344,376320,0,0.020380435,0
736,128,196,IS,17120,1223040,0,0.016559103,0
736,128,49,OS,1100,24576,0,0.01999167,0
736,128,196,OS,5780,324480,0,0.016497032,0
736,128,49,WS,9344,9223552,0,0.499521684,0
736,128,196,WS,17120,36914080,0,0.499790737,0
736,128,49,RIS,9344,376320,0,0.020380435,0
736,128,196,RIS,17120,1223040,0,0.016559103,0
736,128,49,ROS,1100,24576,0,0.01999167,0
736,128,196,ROS,5780,324480,0,0.016497032,0
736,128,49,RWS,9344,9223552,0,0.499521684,0
736,128,196,RWS,17120,36914080,0,0.499790737,0
768,160,289,IS,25312,2331680,0,0.016414585,0
768,128,196,IS,17792,1276288,0,0.016560042,0
768,192,289,IS,27456,2798016,0,0.016414585,0
768,128,289,IS,23168,1865344,0,0.016414585,0
768,128,49,IS,9728,392704,0,0.02038159,0
768,160,289,OS,11421,875520,0,0.016379114,0
768,128,196,OS,5780,324480,0,0.016497032,0
768,192,289,OS,12607,1050624,0,0.016379114,0
768,128,289,OS,10235,700416,0,0.016379114,0
768,128,49,OS,1100,24576,0,0.01999167,0
768,160,289,WS,25312,71002368,0,0.499843209,0
768,128,196,WS,17792,38519040,0,0.499790737,0
768,192,289,WS,27456,85205760,0,0.49986033,0
768,128,289,WS,23168,56798976,0,0.499817528,0
768,128,49,WS,9728,9624576,0,0.499521684,0
768,160,289,RIS,25312,2331680,0,0.016414585,0
768,128,196,RIS,17792,1276288,0,0.016560042,0
768,192,289,RIS,27456,2798016,0,0.016414585,0
768,128,289,RIS,23168,1865344,0,0.016414585,0
768,128,49,RIS,9728,392704,0,0.02038159,0
768,160,289,ROS,11421,875520,0,0.016379114,0
768,128,196,ROS,5780,324480,0,0.016497032,0
768,192,289,ROS,12607,1050624,0,0.016379114,0
768,128,289,ROS,10235,700416,0,0.016379114,0
768,128,49,ROS,1100,24576,0,0.01999167,0
768,160,289,RWS,25312,71002368,0,0.499843209,0
768,128,196,RWS,17792,38519040,0,0.499790737,0
768,192,289,RWS,27456,85205760,0,0.49986033,0
768,128,289,RWS,23168,56798976,0,0.499817528,0
768,128,49,RWS,9728,9624576,0,0.499521684,0
800,96,484,IS,32576,2377824,0,0.015992381,0
800,128,1,IS,7328,0,0,0,0
800,128,196,IS,18464,1329536,0,0.016560906,0
800,64,64,IS,6656,0,0,0,0
800,128,49,IS,10112,409088,0,0.020382653,0
800,128,64,IS,10112,409088,0,0.015605469,0
800,96,484,OS,20884,1437408,0,0.015979313,0
800,128,1,OS,137,0,0,0,0
800,128,196,OS,5780,324480,0,0.016497032,0
800,64,64,OS,768,0,0,0,0
800,128,49,OS,1100,24576,0,0.01999167,0
800,128,64,OS,1280,32256,0,0.015380859,0
800,96,484,WS,32576,74312800,0,0.499800921,0
800,128,1,WS,7328,197600,0,0.482421875,0
800,128,196,WS,18464,40124000,0,0.499790737,0
800,64,64,WS,6656,6547200,0,0.499511719,0
800,128,49,WS,10112,10025600,0,0.499521684,0
800,128,64,WS,10112,13097600,0,0.499633789,0
800,96,484,RIS,32576,2377824,0,0.015992381,0
800,128,1,RIS,7328,0,0,0,0
800,128,196,RIS,18464,1329536,0,0.016560906,0
800,64,64,RIS,6656,0,0,0,0
800,128,49,RIS,10112,409088,0,0.020382653,0
800,128,64,RIS,10112,409088,0,0.015605469,0
800,96,484,ROS,20884,1437408,0,0.015979313,0
800,128,1,ROS,137,0,0,0,0
800,128,196,ROS,5780,324480,0,0.016497032,0
800,64,64,ROS,768,0,0,0,0
800,128,49,ROS,1100,24576,0,0.01999167,0
800,128,64,ROS,1280,32256,0,0.015380859,0
800,96,484,RWS,32576,74312800,0,0.499800921,0
800,128,1,RWS,7328,197600,0,0.482421875,0
800,128,196,RWS,18464,40124000,0,0.499790737,0
800,64,64,RWS,6656,6547200,0,0.499511719,0
800,128,49,RWS,10112,10025600,0,0.499521684,0
800,128,64,RWS,10112,13097600,0,0.499633789,0
832,256,25,IS,15488,425472,0,0.019975962,0
832,32,25,IS,3392,0,0,0,0
832,48,25,IS,4256,0,0,0,0
832,128,196,IS,19136,1382784,0,0.016561703,0
832,160,25,IS,10304,0,0,0,0
832,128,25,IS,8576,0,0,0,0
832,384,25,IS,22400,638208,0,0.019975962,0
832,832,25,IS,46592,1382784,0,0.019975962,0
832,128,49,IS,10496,425472,0,0.020383634,0
832,192,25,IS,12032,0,0,0,0
832,256,25,OS,962,12288,0,0.0192,0
832,32,25,OS,164,0,0,0,0
832,48,25,OS,221,0,0,0,0
832,128,196,OS,5780,324480,0,0.016497032,0
832,160,25,OS,620,0,0,0,0
832,128,25,OS,506,0,0,0,0
832,384,25,OS,1418,18432,0,0.0192,0
832,832,25,OS,3014,549536,0,0.2642,0
832,128,49,OS,1100,24576,0,0.01999167,0
832,192,25,OS,734,0,0,0,0
832,256,25,WS,15488,10634624,0,0.499296875,0
832,32,25,WS,3392,1327872,0,0.49875,0
832,48,25,WS,4256,1992640,0,0.498958333,0
832,128,196,WS,19136,41728960,0,0.499790737,0
832,160,25,WS,10304,6646016,0,0.49925,0
832,128,25,WS,8576,5316480,0,0.49921875,0
832,384,25,WS,22400,15952768,0,0.499322917,0
832,832,25,WS,46592,34566272,0,0.499350962,0
832,128,49,WS,10496,10426624,0,0.499521684,0
832,192,25,WS,12032,7975552,0,0.499270833,0
832,256,25,RIS,15488,425472,0,0.019975962,0
832,32,25,RIS,3392,0,0,0,0
832,48,25,RIS,4256,0,0,0,0
832,128,196,RIS,19136,1382784,0,0.016561703,0
832,160,25,RIS,10304,0,0,0,0
832,128,25,RIS,8576,0,0,0,0
832,384,25,RIS,22400,638208,0,0.019975962,0
832,832,25,RIS,46592,1382784,0,0.019975962,0
832,128,49,RIS,10496,425472,0,0.020383634,0
832,192,25,RIS,12032,0,0,0,0
832,256,25,ROS,962,12288,0,0.0192,0
832,32,25,ROS,164,0,0,0,0
832,48,25,ROS,221,0,0,0,0
832,128,196,ROS,5780,324480,0,0.016497032,0
832,160,25,ROS,620,0,0,0,0
832,128,25,ROS,506,0,0,0,0
832,384,25,ROS,1418,18432,0,0.0192,0
832,832,25,ROS,3014,549536,0,0.2642,0
832,128,49,ROS,1100,24576,0,0.01999167,0
832,192,25,ROS,734,0,0,0,0
832,256,25,RWS,15488,10634624,0,0.499296875,0
832,32,25,RWS,3392,1327872,0,0.49875,0
832,48,25,RWS,4256,1992640,0,0.498958333,0
832,128,196,RWS,19136,41728960,0,0.499790737,0
832,160,25,RWS,10304,6646016,0,0.49925,0
832,128,25,RWS,8576,5316480,0,0.49921875,0
832,384,25,RWS,22400,15952768,0,0.499322917,0
832,832,25,RWS,46592,34566272,0,0.499350962,0
832,128,49,RWS,10496,10426624,0,0.499521684,0
832,192,25,RWS,12032,7975552,0,0.499270833,0
864,96,1089,IS,71424,5716512,0,0.015821887,0
864,128,576,IS,42624,3976704,0,0.015606916,0
864,864,1089,IS,165888,51448608,0,0.015821887,0
864,128,196,IS,19808,1436032,0,0.016562441,0
864,128,49,IS,10880,441856,0,0.020384543,0
864,208,100,IS,18736,1256528,0,0.017479745,0
864,96,1089,OS,71424,7206912,0,0.018727693,0
864,128,576,OS,29952,2649600,0,0.015597873,0
864,864,1089,OS,165888,1075337856,0,0.310482763,0
864,128,196,OS,5780,324480,0,0.016497032,0
864,128,49,OS,1100,24576,0,0.01999167,0
864,208,100,OS,3456,144144,0,0.017325,0
864,96,1089,WS,71424,180587232,0,0.49982065,0
864,128,576,WS,42624,127363968,0,0.499850803,0
864,864,1089,WS,165888,1625762016,0,0.499967318,0
864,128,196,WS,19808,43333920,0,0.499790737,0
864,128,49,WS,10880,10827648,0,0.499521684,0
864,208,100,WS,18736,35925120,0,0.499759615,0
864,96,1089,RIS,71424,5716512,0,0.015821887,0
864,128,576,RIS,42624,3976704,0,0.015606916,0
864,864,1089,RIS,165888,51448608,0,0.015821887,0
864,128,196,RIS,19808,1436032,0,0.016562441,0
864,128,49,RIS,10880,441856,0,0.020384543,0
864,208,100,RIS,18736,1256528,0,0.017479745,0
864,96,1089,ROS,71424,7206912,0,0.018727693,0
864,128,576,ROS,29952,2649600,0,0.015597873,0
864,864,1089,ROS,165888,1075337856,0,0.310482763,0
864,128,196,ROS,5780,324480,0,0.016497032,0
864,128,49,ROS,1100,24576,0,0.01999167,0
864,208,100,ROS,3456,144144,0,0.017325,0
864,96,1089,RWS,71424,180587232,0,0.49982065,0
864,128,576,RWS,42624,127363968,0,0.499850803,0
864,864,1089,RWS,165888,1625762016,0,0.499967318,0
864,128,196,RWS,19808,43333920,0,0.499790737,0
864,128,49,RWS,10880,10827648,0,0.499521684,0
864,208,100,RWS,18736,35925120,0,0.499759615,0
896,128,49,IS,11264,458240,0,0.020385386,0
896,128,196,IS,20480,1489280,0,0.016563126,0
896,128,187,IS,19456,1374720,0,0.016024876,0
896,192,187,IS,23808,2062080,0,0.016024876,0
896,128,49,OS,1100,24576,0,0.01999167,0
896,128,196,OS,5780,324480,0,0.016497032,0
896,128,187,OS,5276,285696,0,0.01595699,0
896,192,187,OS,6792,428544,0,0.01595699,0
896,128,49,WS,11264,11228672,0,0.499521684,0
896,128,196,WS,20480,44938880,0,0.499790737,0
896,128,187,WS,19456,42875392,0,0.49979111,0
896,192,187,WS,23808,64318464,0,0.499832888,0
896,128,49,RIS,11264,458240,0,0.020385386,0
896,128,196,RIS,20480,1489280,0,0.016563126,0
896,128,187,RIS,19456,1374720,0,0.016024876,0
896,192,187,RIS,23808,2062080,0,0.016024876,0
896,128,49,ROS,1100,24576,0,0.01999167,0
896,128,196,ROS,5780,324480,0,0.016497032,0
896,128,187,ROS,5276,285696,0,0.01595699,0
896,192,187,ROS,6792,428544,0,0.01595699,0
896,128,49,RWS,11264,11228672,0,0.499521684,0
896,128,196,RWS,20480,44938880,0,0.499790737,0
896,128,187,RWS,19456,42875392,0,0.49979111,0
896,192,187,RWS,23808,64318464,0,0.499832888,0
928,1024,49,IS,67200,3796992,0,0.020386172,0
928,128,196,IS,21152,1542528,0,0.016563765,0
928,128,49,IS,11648,474624,0,0.020386172,0
928,1024,49,OS,7428,2605056,0,0.264889629,0
928,128,196,OS,5780,324480,0,0.016497032,0
928,128,49,OS,1100,24576,0,0.01999167,0
928,1024,49,WS,67200,93063552,0,0.499661193,0
928,128,196,WS,21152,46543840,0,0.499790737,0
928,128,49,WS,11648,11629696,0,0.499521684,0
928,1024,49,RIS,67200,3796992,0,0.020386172,0
928,128,196,RIS,21152,1542528,0,0.016563765,0
928,128,49,RIS,11648,474624,0,0.020386172,0
928,1024,49,ROS,7428,2605056,0,0.264889629,0
928,128,196,ROS,5780,324480,0,0.016497032,0
928,128,49,ROS,1100,24576,0,0.01999167,0
928,1024,49,RWS,67200,93063552,0,0.499661193,0
928,128,196,RWS,21152,46543840,0,0.499790737,0
928,128,49,RWS,11648,11629696,0,0.499521684,0
960,128,49,IS,12032,491008,0,0.020386905,0
960,128,196,IS,21824,1595776,0,0.01656436,0
960,160,49,IS,14080,613760,0,0.020386905,0
960,320,49,IS,24320,1227520,0,0.020386905,0
960,128,49,OS,1100,24576,0,0.01999167,0
960,128,196,OS,5780,324480,0,0.016497032,0
960,160,49,OS,1326,30720,0,0.01999167,0
960,320,49,OS,2456,61440,0,0.01999167,0
960,128,49,WS,12032,12030720,0,0.499521684,0
960,128,196,WS,21824,48148800,0,0.499790737,0
960,160,49,WS,14080,15039360,0,0.499553571,0
960,320,49,WS,24320,30082560,0,0.499617347,0
960,128,49,RIS,12032,491008,0,0.020386905,0
960,128,196,RIS,21824,1595776,0,0.01656436,0
960,160,49,RIS,14080,613760,0,0.020386905,0
960,320,49,RIS,24320,1227520,0,0.020386905,0
960,128,49,ROS,1100,24576,0,0.01999167,0
960,128,196,ROS,5780,324480,0,0.016497032,0
960,160,49,ROS,1326,30720,0,0.01999167,0
960,320,49,ROS,2456,61440,0,0.01999167,0
960,128,49,RWS,12032,12030720,0,0.499521684,0
960,128,196,RWS,21824,48148800,0,0.499790737,0
960,160,49,RWS,14080,15039360,0,0.499553571,0
960,320,49,RWS,24320,30082560,0,0.499617347,0
992,128,196,IS,22496,1649024,0,0.016564917,0
992,128,49,IS,12416,507392,0,0.020387591,0
992,128,196,OS,5780,324480,0,0.016497032,0
992,128,49,OS,1100,24576,0,0.01999167,0
992,128,196,WS,22496,49753760,0,0.499790737,0
992,128,49,WS,12416,12431744,0,0.499521684,0
992,128,196,RIS,22496,1649024,0,0.016564917,0
992,128,49,RIS,12416,507392,0,0.020387591,0
992,128,196,ROS,5780,324480,0,0.016497032,0
992,128,49,ROS,1100,24576,0,0.01999167,0
992,128,196,RWS,22496,49753760,0,0.499790737,0
992,128,49,RWS,12416,12431744,0,0.499521684,0
1008,224,100,IS,22736,1578976,0,0.017482639,0
1008,224,100,OS,3668,155232,0,0.017325,0
1008,224,100,WS,22736,45137232,0,0.499765625,0
1008,224,100,RIS,22736,1578976,0,0.017482639,0
1008,224,100,ROS,3668,155232,0,0.017325,0
1008,224,100,RWS,22736,45137232,0,0.499765625,0
1024,512,196,IS,52736,6809088,0,0.01656544,0
1024,2048,196,IS,171008,27236352,0,0.01656544,0
1024,256,196,IS,33024,3404544,0,0.01656544,0
1024,1,1,IS,2049,0,0,0,0
1024,512,196,OS,15476,20885376,0,0.26546068,0
1024,2048,196,OS,54260,83541504,0,0.26546068,0
1024,256,196,OS,9012,648960,0,0.016497032,0
1024,1,1,OS,3,0,0,0,0
1024,512,196,WS,52736,205474816,0,0.499887895,0
1024,2048,196,WS,171008,821939200,0,0.499912184,0
1024,256,196,WS,33024,102730752,0,0.499855509,0
1024,1,1,WS,2049,0,0,0,0
1024,512,196,RIS,52736,6809088,0,0.01656544,0
1024,2048,196,RIS,171008,27236352,0,0.01656544,0
1024,256,196,RIS,33024,3404544,0,0.01656544,0
1024,1,1,RIS,2049,0,0,0,0
1024,512,196,ROS,15476,20885376,0,0.26546068,0
1024,2048,196,ROS,54260,83541504,0,0.26546068,0
1024,256,196,ROS,9012,648960,0,0.016497032,0
1024,1,1,ROS,3,0,0,0,0
1024,512,196,RWS,52736,205474816,0,0.499887895,0
1024,2048,196,RWS,171008,821939200,0,0.499912184,0
1024,256,196,RWS,33024,102730752,0,0.499855509,0
1024,1,1,RWS,2049,0,0,0,0
1120,160,187,IS,26560,2148480,0,0.016028457,0
1120,192,187,IS,29184,2578176,0,0.016028457,0
1120,160,187,OS,6034,357120,0,0.01595699,0
1120,192,187,OS,6792,428544,0,0.01595699,0
1120,160,187,WS,26560,66996160,0,0.499816176,0
1120,192,187,WS,29184,80398080,0,0.499832888,0
1120,160,187,RIS,26560,2148480,0,0.016028457,0
1120,192,187,RIS,29184,2578176,0,0.016028457,0
1120,160,187,ROS,6034,357120,0,0.01595699,0
1120,192,187,ROS,6792,428544,0,0.01595699,0
1120,160,187,RWS,26560,66996160,0,0.499816176,0
1120,192,187,RWS,29184,80398080,0,0.499832888,0
1152,32,2916,IS,218976,6740256,0,0.015675681,0
1152,32,144,IS,12960,0,0,0,0
1152,256,2916,IS,276096,53922048,0,0.015675681,0
1152,192,576,IS,62208,7955712,0,0.015611437,0
1152,32,25,IS,4672,0,0,0,0
1152,32,676,IS,53216,1583776,0,0.015888563,0
1152,128,12100,IS,978176,222279424,0,0.031145224,0
1152,1,1,IS,2305,0,0,0,0
1152,1152,12100,IS,1827072,2007491328,1003745664,0.031253838,0.015626919
1152,256,100,IS,28288,2062592,0,0.017484809,0
1152,384,48,IS,32256,1325952,0,0.015611437,0
1152,128,676,IS,64256,6335104,0,0.015888563,0
1152,32,2916,OS,218976,17070240,0,0.028709548,0
1152,32,144,OS,1872,0,0,0,0
1152,256,2916,OS,276096,136561920,0,0.028709548,0
1152,192,576,OS,34560,3974400,0,0.015597873,0
1152,32,25,OS,164,0,0,0,0
1152,32,676,OS,31796,928800,0,0.015878843,0
1152,128,12100,OS,978176,1172344704,0,0.048658874,0
1152,1,1,OS,3,0,0,0,0
1152,1152,12100,OS,1827072,1.70E+11,10551102336,0.782458954,0.048658874
1152,256,100,OS,4092,177408,0,0.017325,0
1152,384,48,OS,2448,54144,0,0.015299479,0
1152,128,676,OS,39980,3715200,0,0.015878843,0
1152,32,2916,WS,218976,214777728,0,0.499504351,0
1152,32,144,WS,12960,10604160,0,0.499403212,0
1152,256,2916,WS,276096,1719697536,0,0.499933355,0
1152,192,576,WS,62208,254748672,0,0.499891493,0
1152,32,25,WS,4672,1838592,0,0.49875,0
1152,32,676,WS,53216,49788288,0,0.499479937,0
1152,128,12100,WS,978176,3567553920,110752128,0.499876517,0.015518304
1152,1,1,WS,2305,0,0,0,0
1152,1152,12100,WS,1827072,32114961792,1003745664,0.499985132,0.015626919
1152,256,100,WS,28288,58955904,0,0.499775391,0
1152,384,48,WS,32256,42436224,0,0.499633789,0
1152,128,676,WS,64256,199301760,0,0.499852649,0
1152,32,2916,RIS,218976,6740256,0,0.015675681,0
1152,32,144,RIS,12960,0,0,0,0
1152,256,2916,RIS,276096,53922048,0,0.015675681,0
1152,192,576,RIS,62208,7955712,0,0.015611437,0
1152,32,25,RIS,4672,0,0,0,0
1152,32,676,RIS,53216,1583776,0,0.015888563,0
1152,128,12100,RIS,978176,222279424,0,0.031145224,0
1152,1,1,RIS,2305,0,0,0,0
1152,1152,12100,RIS,1827072,2007491328,1003745664,0.031253838,0.015626919
1152,256,100,RIS,28288,2062592,0,0.017484809,0
1152,384,48,RIS,32256,1325952,0,0.015611437,0
1152,128,676,RIS,64256,6335104,0,0.015888563,0
1152,32,2916,ROS,218976,17070240,0,0.028709548,0
1152,32,144,ROS,1872,0,0,0,0
1152,256,2916,ROS,276096,136561920,0,0.028709548,0
1152,192,576,ROS,34560,3974400,0,0.015597873,0
1152,32,25,ROS,164,0,0,0,0
1152,32,676,ROS,31796,928800,0,0.015878843,0
1152,128,12100,ROS,978176,1172344704,0,0.048658874,0
1152,1,1,ROS,3,0,0,0,0
1152,1152,12100,ROS,1827072,1.70E+11,10551102336,0.782458954,0.048658874
1152,256,100,ROS,4092,177408,0,0.017325,0
1152,384,48,ROS,2448,54144,0,0.015299479,0
1152,128,676,ROS,39980,3715200,0,0.015878843,0
1152,32,2916,RWS,218976,214777728,0,0.499504351,0
1152,32,144,RWS,12960,10604160,0,0.499403212,0
1152,256,2916,RWS,276096,1719697536,0,0.499933355,0
1152,192,576,RWS,62208,254748672,0,0.499891493,0
1152,32,25,RWS,4672,1838592,0,0.49875,0
1152,32,676,RWS,53216,49788288,0,0.499479937,0
1152,128,12100,RWS,978176,3567553920,110752128,0.499876517,0.015518304
1152,1,1,RWS,2305,0,0,0,0
1152,1152,12100,RWS,1827072,32114961792,1003745664,0.499985132,0.015626919
1152,256,100,RWS,28288,58955904,0,0.499775391,0
1152,384,48,RWS,32256,42436224,0,0.499633789,0
1152,128,676,RWS,64256,199301760,0,0.499852649,0
1200,128,1,IS,10928,0,0,0,0
1200,64,961,IS,81904,4680896,0,0.015855663,0
1200,128,1,OS,137,0,0,0,0
1200,64,961,OS,66369,3747840,0,0.015852374,0
1200,128,1,WS,10928,296400,0,0.482421875,0
1200,64,961,WS,81904,147531600,0,0.49973579,0
1200,128,1,RIS,10928,0,0,0,0
1200,64,961,RIS,81904,4680896,0,0.015855663,0
1200,128,1,ROS,137,0,0,0,0
1200,64,961,ROS,66369,3747840,0,0.015852374,0
1200,128,1,RWS,10928,296400,0,0.482421875,0
1200,64,961,RWS,81904,147531600,0,0.49973579,0
1280,192,64,IS,21248,982272,0,0.015612793,0
1280,384,64,IS,37376,1964544,0,0.015612793,0
1280,448,64,IS,42752,2291968,0,0.015612793,0
1280,1,1,IS,2561,0,0,0,0
1280,320,64,IS,32000,1637120,0,0.015612793,0
1280,192,64,OS,1792,48384,0,0.015380859,0
1280,384,64,OS,3328,96768,0,0.015380859,0
1280,448,64,OS,3840,112896,0,0.015380859,0
1280,1,1,OS,3,0,0,0,0
1280,320,64,OS,2816,80640,0,0.015380859,0
1280,192,64,WS,21248,31436800,0,0.499674479,0
1280,384,64,WS,37376,62878720,0,0.499715169,0
1280,448,64,WS,42752,73359360,0,0.499720982,0
1280,1,1,WS,2561,0,0,0,0
1280,320,64,WS,32000,52398080,0,0.499707031,0
1280,192,64,RIS,21248,982272,0,0.015612793,0
1280,384,64,RIS,37376,1964544,0,0.015612793,0
1280,448,64,RIS,42752,2291968,0,0.015612793,0
1280,1,1,RIS,2561,0,0,0,0
1280,320,64,RIS,32000,1637120,0,0.015612793,0
1280,192,64,ROS,1792,48384,0,0.015380859,0
1280,384,64,ROS,3328,96768,0,0.015380859,0
1280,448,64,ROS,3840,112896,0,0.015380859,0
1280,1,1,ROS,3,0,0,0,0
1280,320,64,ROS,2816,80640,0,0.015380859,0
1280,192,64,RWS,21248,31436800,0,0.499674479,0
1280,384,64,RWS,37376,62878720,0,0.499715169,0
1280,448,64,RWS,42752,73359360,0,0.499720982,0
1280,1,1,RWS,2561,0,0,0,0
1280,320,64,RWS,32000,52398080,0,0.499707031,0
1296,288,100,IS,34416,2610720,0,0.017486497,0
1296,288,100,OS,4516,199584,0,0.017325,0
1296,288,100,WS,34416,74617200,0,0.499782986,0
1296,288,100,RIS,34416,2610720,0,0.017486497,0
1296,288,100,ROS,4516,199584,0,0.017325,0
1296,288,100,RWS,34416,74617200,0,0.499782986,0
1344,192,187,IS,34560,3094272,0,0.016030844,0
1344,192,187,OS,6792,428544,0,0.01595699,0
1344,192,187,WS,34560,96477696,0,0.499832888,0
1344,192,187,RIS,34560,3094272,0,0.016030844,0
1344,192,187,ROS,6792,428544,0,0.01595699,0
1344,192,187,RWS,34560,96477696,0,0.499832888,0
1440,320,9,IS,30560,0,0,0,0
1440,320,100,IS,41120,3223360,0,0.017487847,0
1440,320,9,OS,509,0,0,0,0
1440,320,100,OS,4940,221760,0,0.017325,0
1440,320,9,WS,30560,8264160,0,0.498177083,0
1440,320,100,WS,41120,92121120,0,0.499789063,0
1440,320,9,RIS,30560,0,0,0,0
1440,320,100,RIS,41120,3223360,0,0.017487847,0
1440,320,9,ROS,509,0,0,0,0
1440,320,100,ROS,4940,221760,0,0.017325,0
1440,320,9,RWS,30560,8264160,0,0.498177083,0
1440,320,100,RWS,41120,92121120,0,0.499789063,0
1728,384,9,IS,43584,0,0,0,0
1728,192,225,IS,49536,4973760,0,0.016657022,0
1728,1728,225,IS,238464,44763840,0,0.016657022,0
1728,320,225,IS,65280,8289600,0,0.016657022,0
1728,384,9,OS,609,0,0,0,0
1728,192,225,OS,8955,645120,0,0.016592593,0
1728,1728,225,OS,53595,92897280,0,0.265481481,0
1728,320,225,OS,12675,1075200,0,0.016592593,0
1728,384,9,WS,43584,11900736,0,0.498191551,0
1728,192,225,WS,49536,149252544,0,0.49984375,0
1728,1728,225,WS,238464,1343480256,0,0.49992091,0
1728,320,225,WS,65280,248771520,0,0.499878472,0
1728,384,9,RIS,43584,0,0,0,0
1728,192,225,RIS,49536,4973760,0,0.016657022,0
1728,1728,225,RIS,238464,44763840,0,0.016657022,0
1728,320,225,RIS,65280,8289600,0,0.016657022,0
1728,384,9,ROS,609,0,0,0,0
1728,192,225,ROS,8955,645120,0,0.016592593,0
1728,1728,225,ROS,53595,92897280,0,0.265481481,0
1728,320,225,ROS,12675,1075200,0,0.016592593,0
1728,384,9,RWS,43584,11900736,0,0.498191551,0
1728,192,225,RWS,49536,149252544,0,0.49984375,0
1728,1728,225,RWS,238464,1343480256,0,0.49992091,0
1728,320,225,RWS,65280,248771520,0,0.499878472,0
2048,512,49,IS,75776,4192256,0,0.020398198,0
2048,320,64,IS,50432,2620160,0,0.015617371,0
2048,1,1,IS,4097,0,0,0,0
2048,192,64,IS,33536,1572096,0,0.015617371,0
2048,448,64,IS,67328,3668224,0,0.015617371,0
2048,384,64,IS,58880,3144192,0,0.015617371,0
2048,512,49,OS,3812,1302528,0,0.264889629,0
2048,320,64,OS,2816,80640,0,0.015380859,0
2048,1,1,OS,3,0,0,0,0
2048,192,64,OS,1792,48384,0,0.015380859,0
2048,448,64,OS,3840,112896,0,0.015380859,0
2048,384,64,OS,3328,96768,0,0.015380859,0
2048,512,49,WS,75776,102686720,0,0.499641263,0
2048,320,64,WS,50432,83836928,0,0.499707031,0
2048,1,1,WS,4097,0,0,0,0
2048,192,64,WS,33536,50298880,0,0.499674479,0
2048,448,64,WS,67328,117374976,0,0.499720982,0
2048,384,64,WS,58880,100605952,0,0.499715169,0
2048,512,49,RIS,75776,4192256,0,0.020398198,0
2048,320,64,RIS,50432,2620160,0,0.015617371,0
2048,1,1,RIS,4097,0,0,0,0
2048,192,64,RIS,33536,1572096,0,0.015617371,0
2048,448,64,RIS,67328,3668224,0,0.015617371,0
2048,384,64,RIS,58880,3144192,0,0.015617371,0
2048,512,49,ROS,3812,1302528,0,0.264889629,0
2048,320,64,ROS,2816,80640,0,0.015380859,0
2048,1,1,ROS,3,0,0,0,0
2048,192,64,ROS,1792,48384,0,0.015380859,0
2048,448,64,ROS,3840,112896,0,0.015380859,0
2048,384,64,ROS,3328,96768,0,0.015380859,0
2048,512,49,RWS,75776,102686720,0,0.499641263,0
2048,320,64,RWS,50432,83836928,0,0.499707031,0
2048,1,1,RWS,4097,0,0,0,0
2048,192,64,RWS,33536,50298880,0,0.499674479,0
2048,448,64,RWS,67328,117374976,0,0.499720982,0
2048,384,64,RWS,58880,100605952,0,0.499715169,0
2304,512,676,IS,194816,50702848,0,0.015895465,0
2304,256,2916,IS,505344,107890944,0,0.015682491,0
2304,256,144,IS,59904,5306112,0,0.015618218,0
2304,2304,2916,IS,1175040,971018496,0,0.015682491,0
2304,512,676,OS,72716,248551296,0,0.265578362,0
2304,256,2916,OS,505344,136561920,0,0.018613883,0
2304,256,144,OS,5904,329472,0,0.015516493,0
2304,2304,2916,OS,1175040,20557746432,0,0.311343901,0
2304,512,676,WS,194816,1594711296,0,0.499945827,0
2304,256,2916,WS,505344,3439395072,0,0.499933355,0
2304,256,144,WS,59904,169811712,0,0.499830458,0
2304,2304,2916,WS,1175040,30957928704,0,0.499987832,0
2304,512,676,RIS,194816,50702848,0,0.015895465,0
2304,256,2916,RIS,505344,107890944,0,0.015682491,0
2304,256,144,RIS,59904,5306112,0,0.015618218,0
2304,2304,2916,RIS,1175040,971018496,0,0.015682491,0
2304,512,676,ROS,72716,248551296,0,0.265578362,0
2304,256,2916,ROS,505344,136561920,0,0.018613883,0
2304,256,144,ROS,5904,329472,0,0.015516493,0
2304,2304,2916,ROS,1175040,20557746432,0,0.311343901,0
2304,512,676,RWS,194816,1594711296,0,0.499945827,0
2304,256,2916,RWS,505344,3439395072,0,0.499933355,0
2304,256,144,RWS,59904,169811712,0,0.499830458,0
2304,2304,2916,RWS,1175040,30957928704,0,0.499987832,0
2592,384,1089,IS,267552,68651136,0,0.015834109,0
2592,384,1089,OS,127773,28827648,0,0.015825675,0
2592,384,1089,WS,267552,2167583328,0,0.499944401,0
2592,384,1089,RIS,267552,68651136,0,0.015834109,0
2592,384,1089,ROS,127773,28827648,0,0.015825675,0
2592,384,1089,RWS,267552,2167583328,0,0.499944401,0
4032,384,36,IS,110016,4643712,0,0.020828166,0
4032,384,36,OS,2124,40320,0,0.02025463,0
4032,384,36,WS,110016,111367872,0,0.499511719,0
4032,384,36,RIS,110016,4643712,0,0.020828166,0
4032,384,36,ROS,2124,40320,0,0.02025463,0
4032,384,36,RWS,110016,111367872,0,0.499511719,0
4096,1,1,IS,8193,0,0,0,0
4096,1,1,OS,3,0,0,0,0
4096,1,1,WS,8193,0,0,0,0
4096,1,1,RIS,8193,0,0,0,0
4096,1,1,ROS,3,0,0,0,0
4096,1,1,RWS,8193,0,0,0,0
4608,512,25,IS,157696,4717568,0,0.01999566,0
4608,512,144,IS,193536,21229056,0,0.015621609,0
4608,512,676,IS,367616,101427712,0,0.015898916,0
4608,4608,676,IS,1723392,912849408,0,0.015898916,0
4608,4608,144,IS,1410048,191061504,0,0.015621609,0
4608,512,25,OS,1874,338176,0,0.2642,0
4608,512,144,OS,10512,11271168,0,0.265407986,0
4608,512,676,OS,72716,248551296,0,0.265578362,0
4608,4608,676,OS,421900,2236961664,0,0.265578362,0
4608,4608,144,OS,84240,101440512,0,0.265407986,0
4608,512,25,WS,157696,117808128,0,0.499335938,0
4608,512,144,WS,193536,679288320,0,0.499860975,0
4608,512,676,WS,367616,3189422592,0,0.499945827,0
4608,4608,676,WS,1723392,28706388480,0,0.499973435,0
4608,4608,144,WS,1410048,6113926656,0,0.499888102,0
4608,512,25,RIS,157696,4717568,0,0.01999566,0
4608,512,144,RIS,193536,21229056,0,0.015621609,0
4608,512,676,RIS,367616,101427712,0,0.015898916,0
4608,4608,676,RIS,1723392,912849408,0,0.015898916,0
4608,4608,144,RIS,1410048,191061504,0,0.015621609,0
4608,512,25,ROS,1874,338176,0,0.2642,0
4608,512,144,ROS,10512,11271168,0,0.265407986,0
4608,512,676,ROS,72716,248551296,0,0.265578362,0
4608,4608,676,ROS,421900,2236961664,0,0.265578362,0
4608,4608,144,ROS,84240,101440512,0,0.265407986,0
4608,512,25,RWS,157696,117808128,0,0.499335938,0
4608,512,144,RWS,193536,679288320,0,0.499860975,0
4608,512,676,RWS,367616,3189422592,0,0.499945827,0
4608,4608,676,RWS,1723392,28706388480,0,0.499973435,0
4608,4608,144,RWS,1410048,6113926656,0,0.499888102,0
25088,1,1,IS,50177,0,0,0,0
25088,1,1,OS,3,0,0,0,0
25088,1,1,WS,50177,0,0,0,0
25088,1,1,RIS,50177,0,0,0,0
25088,1,1,ROS,3,0,0,0,0
25088,1,1,RWS,50177,0,0,0,0
